id,check,tc,cu_ox,reason
Ba0.1Cu1F2Sr1.9O2-MP-mp-1025280-synth_doped.cif,A_undoped_insulator_sc,54.0,2.0,charge-balanced Cu2+ (undoped) with Tc>5K — label from O/cation-doped sample
Ba0.25Cu1F2Sr1.75O2-MP-mp-1025280-synth_doped.cif,A_undoped_insulator_sc,58.0,2.0,charge-balanced Cu2+ (undoped) with Tc>5K — label from O/cation-doped sample
Ba2Cu1Hg1O4.01-MP-mp-6562-synth_doped.cif,A_undoped_insulator_sc,64.5,2.02,charge-balanced Cu2+ (undoped) with Tc>5K — label from O/cation-doped sample
Ba2Cu3Eu1O6.5-MP-mp-1228334.cif,A_undoped_insulator_sc,92.0,2.0,charge-balanced Cu2+ (undoped) with Tc>5K — label from O/cation-doped sample
Ba2Cu3Pr0.15Y0.85O6.5-MP-mp-20897-synth_doped.cif,A_undoped_insulator_sc,35.8,2.0,charge-balanced Cu2+ (undoped) with Tc>5K — label from O/cation-doped sample
Cu1F2Sr2O2-MP-mp-1025280.cif,A_undoped_insulator_sc,44.33333333,2.0,charge-balanced Cu2+ (undoped) with Tc>5K — label from O/cation-doped sample
Cu1La1.7Sm0.3O4-MP-mp-1077929-synth_doped.cif,A_undoped_insulator_sc,25.0,2.0,charge-balanced Cu2+ (undoped) with Tc>5K — label from O/cation-doped sample
Cu1La1.9Sm0.1O4-MP-mp-1077929-synth_doped.cif,A_undoped_insulator_sc,25.0,2.0,charge-balanced Cu2+ (undoped) with Tc>5K — label from O/cation-doped sample
Cu1La2O4.005-MP-mp-1077929-synth_doped.cif,A_undoped_insulator_sc,32.0,2.01,charge-balanced Cu2+ (undoped) with Tc>5K — label from O/cation-doped sample
Cu1Nd1.85Y0.15O4-MP-mp-4158-synth_doped.cif,A_undoped_insulator_sc,21.0,2.0,charge-balanced Cu2+ (undoped) with Tc>5K — label from O/cation-doped sample
Ba1.9Cu3La0.1Y1O8-MP-mp-1214613-synth_doped.cif,B_implausible_cu_ox,64.0,2.967,"nominal Cu ox outside [1.7,2.6] with Tc>10K — O-content artifact"
Ba2Cu1Hg1O4.31-MP-mp-6562-synth_doped.cif,B_implausible_cu_ox,78.0,2.62,"nominal Cu ox outside [1.7,2.6] with Tc>10K — O-content artifact"
Ba2Cu1Hg1O4.34-MP-mp-6562-synth_doped.cif,B_implausible_cu_ox,59.0,2.68,"nominal Cu ox outside [1.7,2.6] with Tc>10K — O-content artifact"
Ba2Cu1Hg1O4.37-MP-mp-6562-synth_doped.cif,B_implausible_cu_ox,37.5,2.74,"nominal Cu ox outside [1.7,2.6] with Tc>10K — O-content artifact"
Ba2Cu1Hg1O4.39-MP-mp-6562-synth_doped.cif,B_implausible_cu_ox,24.2,2.78,"nominal Cu ox outside [1.7,2.6] with Tc>10K — O-content artifact"
Cu1La2O4.32-MP-mp-1077929-synth_doped.cif,B_implausible_cu_ox,37.5,2.64,"nominal Cu ox outside [1.7,2.6] with Tc>10K — O-content artifact"
Cu1Nd1.7O4-MP-mp-4158-synth_doped.cif,B_implausible_cu_ox,30.7,2.9,"nominal Cu ox outside [1.7,2.6] with Tc>10K — O-content artifact"
Ba2Ca0.1Cu3Y0.9O7-MP-mp-20674-synth_doped.cif,C_overdoped_dome_violation,81.8,2.367,Cu ox 2.35-2.6 with Tc>20K — beyond known dome edges
Ba2Ca0.2Cu3Y0.8O7-MP-mp-20674-synth_doped.cif,C_overdoped_dome_violation,71.6,2.4,Cu ox 2.35-2.6 with Tc>20K — beyond known dome edges
Ba2Cd0.1Cu3Y0.9O7-MP-mp-20674-synth_doped.cif,C_overdoped_dome_violation,89.9,2.367,Cu ox 2.35-2.6 with Tc>20K — beyond known dome edges
Ba2Cd0.2Cu3Y0.8O7-MP-mp-20674-synth_doped.cif,C_overdoped_dome_violation,92.8,2.4,Cu ox 2.35-2.6 with Tc>20K — beyond known dome edges
Ba2Cd0.3Cu3Y0.7O7-MP-mp-20674-synth_doped.cif,C_overdoped_dome_violation,92.8,2.433,Cu ox 2.35-2.6 with Tc>20K — beyond known dome edges
Ba2Cu1Hg1O4.18-MP-mp-6562-synth_doped.cif,C_overdoped_dome_violation,95.16,2.36,Cu ox 2.35-2.6 with Tc>20K — beyond known dome edges
Ba2Cu1Hg1O4.2-MP-mp-6562-synth_doped.cif,C_overdoped_dome_violation,94.2,2.4,Cu ox 2.35-2.6 with Tc>20K — beyond known dome edges
Ba2Cu1Hg1O4.21-MP-mp-6562-synth_doped.cif,C_overdoped_dome_violation,80.0,2.42,Cu ox 2.35-2.6 with Tc>20K — beyond known dome edges
Ba2Cu1Hg1O4.22-MP-mp-6562-synth_doped.cif,C_overdoped_dome_violation,97.0,2.44,Cu ox 2.35-2.6 with Tc>20K — beyond known dome edges
Ba2Cu1Hg1O4.28-MP-mp-6562-synth_doped.cif,C_overdoped_dome_violation,85.0,2.56,Cu ox 2.35-2.6 with Tc>20K — beyond known dome edges
Ba2Cu1Hg1O4.3-MP-mp-6562-synth_doped.cif,C_overdoped_dome_violation,81.0,2.6,Cu ox 2.35-2.6 with Tc>20K — beyond known dome edges
Ba2Cu3Y0.7Zn0.3O7-MP-mp-20674-synth_doped.cif,C_overdoped_dome_violation,23.5,2.433,Cu ox 2.35-2.6 with Tc>20K — beyond known dome edges
Ba2Cu3Y0.8Zn0.2O7-MP-mp-20674-synth_doped.cif,C_overdoped_dome_violation,43.0,2.4,Cu ox 2.35-2.6 with Tc>20K — beyond known dome edges
Ba2Cu3Y0.9Zn0.1O7-MP-mp-20674-synth_doped.cif,C_overdoped_dome_violation,54.9,2.367,Cu ox 2.35-2.6 with Tc>20K — beyond known dome edges
Ca1.8Cl2Cu1O2-MP-mp-23143-synth_doped.cif,C_overdoped_dome_violation,41.0,2.4,Cu ox 2.35-2.6 with Tc>20K — beyond known dome edges
Cl1Cu2Sr3O5-MP-mp-1147678-synth_doped.cif,C_overdoped_dome_violation,70.0,2.5,Cu ox 2.35-2.6 with Tc>20K — beyond known dome edges
Cu1K0.2La1.8O4-MP-mp-1077929-synth_doped.cif,C_overdoped_dome_violation,41.0,2.4,Cu ox 2.35-2.6 with Tc>20K — beyond known dome edges
Cu1Nd1.8O4-MP-mp-4158-synth_doped.cif,C_overdoped_dome_violation,31.3,2.6,Cu ox 2.35-2.6 with Tc>20K — beyond known dome edges
B0.67Mg0.33-MP-mp-763-synth_doped.cif,F_near_duplicate_conflict,6.1,,composition within 1% of a row whose Tc differs by >30K — irreconcilable twin reports
B0.69Mg0.31-MP-mp-763-synth_doped.cif,F_near_duplicate_conflict,5.7,,composition within 1% of a row whose Tc differs by >30K — irreconcilable twin reports
B2Mg0.9-MP-mp-763-synth_doped.cif,F_near_duplicate_conflict,38.2,,composition within 1% of a row whose Tc differs by >30K — irreconcilable twin reports
B2Mg0.98-MP-mp-763-synth_doped.cif,F_near_duplicate_conflict,38.4,,composition within 1% of a row whose Tc differs by >30K — irreconcilable twin reports
Ba0.074Cu1La1.926O4-MP-mp-1077929-synth_doped.cif,F_near_duplicate_conflict,0.0,2.074,composition within 1% of a row whose Tc differs by >30K — irreconcilable twin reports
Ba0.094Cu1La1.906O4-MP-mp-1077929-synth_doped.cif,F_near_duplicate_conflict,32.0,2.094,composition within 1% of a row whose Tc differs by >30K — irreconcilable twin reports
Ba0.105Cu1La1.895O4-MP-mp-1077929-synth_doped.cif,F_near_duplicate_conflict,33.1,2.105,composition within 1% of a row whose Tc differs by >30K — irreconcilable twin reports
Ba0.135Cu1La1.865O4-MP-mp-1077929-synth_doped.cif,F_near_duplicate_conflict,2.99,2.135,composition within 1% of a row whose Tc differs by >30K — irreconcilable twin reports
Ba1.72Cu4La0.28Y1O8-MP-mp-6790-synth_doped.cif,F_near_duplicate_conflict,18.9,2.18,composition within 1% of a row whose Tc differs by >30K — irreconcilable twin reports
Ba1.75Cu4Sr0.25Y1O8-MP-mp-6790-synth_doped.cif,F_near_duplicate_conflict,0.0,2.25,composition within 1% of a row whose Tc differs by >30K — irreconcilable twin reports
Ba1.76Cu4Sr0.24Y1O8-MP-mp-6790-synth_doped.cif,F_near_duplicate_conflict,76.0,2.25,composition within 1% of a row whose Tc differs by >30K — irreconcilable twin reports
Ba1.78Cu4Sr0.22Y1O8-MP-mp-6790-synth_doped.cif,F_near_duplicate_conflict,0.0,2.25,composition within 1% of a row whose Tc differs by >30K — irreconcilable twin reports
Ba1.7Cu4La0.3Y1O8-MP-mp-6790-synth_doped.cif,F_near_duplicate_conflict,52.6,2.175,composition within 1% of a row whose Tc differs by >30K — irreconcilable twin reports
Ba1.8Cu4Sr0.2Y1O8-MP-mp-6790-synth_doped.cif,F_near_duplicate_conflict,77.7,2.25,composition within 1% of a row whose Tc differs by >30K — irreconcilable twin reports
Ba2.02Cu1.01Tl1.97O6.16-MP-mp-6027-synth_doped.cif,F_near_duplicate_conflict,0.0,,composition within 1% of a row whose Tc differs by >30K — irreconcilable twin reports
Ba2Ca1Cu2Hg1O6.1-MP-mp-6879-synth_doped.cif,F_near_duplicate_conflict,92.5,2.1,composition within 1% of a row whose Tc differs by >30K — irreconcilable twin reports
Ba2Ca1Cu2Hg1O6.21-MP-mp-6879-synth_doped.cif,F_near_duplicate_conflict,127.0,2.21,composition within 1% of a row whose Tc differs by >30K — irreconcilable twin reports
Ba2Ca1Cu2Hg1O6.22-MP-mp-6879-synth_doped.cif,F_near_duplicate_conflict,127.0,2.22,composition within 1% of a row whose Tc differs by >30K — irreconcilable twin reports
Ba2Cu1Hg1O4.01-MP-mp-6562-synth_doped.cif,F_near_duplicate_conflict,64.5,2.02,composition within 1% of a row whose Tc differs by >30K — irreconcilable twin reports
Ba2Cu1Hg1O4.02-MP-mp-6562-synth_doped.cif,F_near_duplicate_conflict,72.0,2.04,composition within 1% of a row whose Tc differs by >30K — irreconcilable twin reports
Ba2Cu1Hg1O4.025-MP-mp-6562-synth_doped.cif,F_near_duplicate_conflict,20.0,2.05,composition within 1% of a row whose Tc differs by >30K — irreconcilable twin reports
Ba2Cu1Hg1O4.032-MP-mp-6562-synth_doped.cif,F_near_duplicate_conflict,36.0,2.064,composition within 1% of a row whose Tc differs by >30K — irreconcilable twin reports
Ba2Cu1Hg1O4.033-MP-mp-6562-synth_doped.cif,F_near_duplicate_conflict,48.0,2.066,composition within 1% of a row whose Tc differs by >30K — irreconcilable twin reports
Ba2Cu1Hg1O4.04-MP-mp-6562-synth_doped.cif,F_near_duplicate_conflict,0.0,2.08,composition within 1% of a row whose Tc differs by >30K — irreconcilable twin reports
Ba2Cu1Hg1O4.045-MP-mp-6562-synth_doped.cif,F_near_duplicate_conflict,73.0,2.09,composition within 1% of a row whose Tc differs by >30K — irreconcilable twin reports
Ba2Cu1Hg1O4.047-MP-mp-6562-synth_doped.cif,F_near_duplicate_conflict,95.0,2.094,composition within 1% of a row whose Tc differs by >30K — irreconcilable twin reports
Ba2Cu1Hg1O4.049-MP-mp-6562-synth_doped.cif,F_near_duplicate_conflict,70.0,2.098,composition within 1% of a row whose Tc differs by >30K — irreconcilable twin reports
Ba2Cu1Hg1O4.05-MP-mp-6562-synth_doped.cif,F_near_duplicate_conflict,73.5,2.1,composition within 1% of a row whose Tc differs by >30K — irreconcilable twin reports
Ba2Cu1Hg1O4.052-MP-mp-6562-synth_doped.cif,F_near_duplicate_conflict,82.0,2.104,composition within 1% of a row whose Tc differs by >30K — irreconcilable twin reports
Ba2Cu1Hg1O4.055-MP-mp-6562-synth_doped.cif,F_near_duplicate_conflict,79.1,2.11,composition within 1% of a row whose Tc differs by >30K — irreconcilable twin reports
Ba2Cu1Hg1O4.058-MP-mp-6562-synth_doped.cif,F_near_duplicate_conflict,89.0,2.116,composition within 1% of a row whose Tc differs by >30K — irreconcilable twin reports
Ba2Cu1Hg1O4.06-MP-mp-6562-synth_doped.cif,F_near_duplicate_conflict,73.0,2.12,composition within 1% of a row whose Tc differs by >30K — irreconcilable twin reports
Ba2Cu1Hg1O4.066-MP-mp-6562-synth_doped.cif,F_near_duplicate_conflict,88.5,2.132,composition within 1% of a row whose Tc differs by >30K — irreconcilable twin reports
Ba2Cu1Hg1O4.081-MP-mp-6562-synth_doped.cif,F_near_duplicate_conflict,98.0,2.162,composition within 1% of a row whose Tc differs by >30K — irreconcilable twin reports
Ba2Cu1Hg1O4.085-MP-mp-6562-synth_doped.cif,F_near_duplicate_conflict,92.0,2.17,composition within 1% of a row whose Tc differs by >30K — irreconcilable twin reports
Ba2Cu1Hg1O4.096-MP-mp-6562-synth_doped.cif,F_near_duplicate_conflict,95.6,2.192,composition within 1% of a row whose Tc differs by >30K — irreconcilable twin reports
Ba2Cu1Hg1O4.097-MP-mp-6562-synth_doped.cif,F_near_duplicate_conflict,95.3,2.194,composition within 1% of a row whose Tc differs by >30K — irreconcilable twin reports
Ba2Cu1Hg1O4.101-MP-mp-6562-synth_doped.cif,F_near_duplicate_conflict,93.4,2.202,composition within 1% of a row whose Tc differs by >30K — irreconcilable twin reports
Ba2Cu1Hg1O4.103-MP-mp-6562-synth_doped.cif,F_near_duplicate_conflict,92.5,2.206,composition within 1% of a row whose Tc differs by >30K — irreconcilable twin reports
Ba2Cu1Hg1O4.105-MP-mp-6562-synth_doped.cif,F_near_duplicate_conflict,90.9,2.21,composition within 1% of a row whose Tc differs by >30K — irreconcilable twin reports
Ba2Cu1Hg1O4.108-MP-mp-6562-synth_doped.cif,F_near_duplicate_conflict,89.1,2.216,composition within 1% of a row whose Tc differs by >30K — irreconcilable twin reports
Ba2Cu1Hg1O4.117-MP-mp-6562-synth_doped.cif,F_near_duplicate_conflict,82.0,2.234,composition within 1% of a row whose Tc differs by >30K — irreconcilable twin reports
Ba2Cu1Hg1O4.14-MP-mp-6562-synth_doped.cif,F_near_duplicate_conflict,0.0,2.28,composition within 1% of a row whose Tc differs by >30K — irreconcilable twin reports
Ba2Cu1Hg1O4.15-MP-mp-6562-synth_doped.cif,F_near_duplicate_conflict,97.0,2.3,composition within 1% of a row whose Tc differs by >30K — irreconcilable twin reports
Ba2Cu1Hg1O4.16-MP-mp-6562-synth_doped.cif,F_near_duplicate_conflict,88.0,2.32,composition within 1% of a row whose Tc differs by >30K — irreconcilable twin reports
Ba2Cu1Hg1O4.162-MP-mp-6562-synth_doped.cif,F_near_duplicate_conflict,97.4,2.324,composition within 1% of a row whose Tc differs by >30K — irreconcilable twin reports
Ba2Cu1Hg1O4.17-MP-mp-6562-synth_doped.cif,F_near_duplicate_conflict,78.0,2.34,composition within 1% of a row whose Tc differs by >30K — irreconcilable twin reports
Ba2Cu1Hg1O4.18-MP-mp-6562-synth_doped.cif,F_near_duplicate_conflict,95.16,2.36,composition within 1% of a row whose Tc differs by >30K — irreconcilable twin reports
Ba2Cu1Hg1O4.2-MP-mp-6562-synth_doped.cif,F_near_duplicate_conflict,94.2,2.4,composition within 1% of a row whose Tc differs by >30K — irreconcilable twin reports
Ba2Cu1Hg1O4.21-MP-mp-6562-synth_doped.cif,F_near_duplicate_conflict,80.0,2.42,composition within 1% of a row whose Tc differs by >30K — irreconcilable twin reports
Ba2Cu1Hg1O4.22-MP-mp-6562-synth_doped.cif,F_near_duplicate_conflict,97.0,2.44,composition within 1% of a row whose Tc differs by >30K — irreconcilable twin reports
Ba2Cu1Hg1O4.28-MP-mp-6562-synth_doped.cif,F_near_duplicate_conflict,85.0,2.56,composition within 1% of a row whose Tc differs by >30K — irreconcilable twin reports
Ba2Cu1Hg1O4.3-MP-mp-6562-synth_doped.cif,F_near_duplicate_conflict,81.0,2.6,composition within 1% of a row whose Tc differs by >30K — irreconcilable twin reports
Ba2Cu1Hg1O4.31-MP-mp-6562-synth_doped.cif,F_near_duplicate_conflict,78.0,2.62,composition within 1% of a row whose Tc differs by >30K — irreconcilable twin reports
Ba2Cu1Hg1O4.32-MP-mp-6562-synth_doped.cif,F_near_duplicate_conflict,0.0,2.64,composition within 1% of a row whose Tc differs by >30K — irreconcilable twin reports
Ba2Cu1Hg1O4.34-MP-mp-6562-synth_doped.cif,F_near_duplicate_conflict,59.0,2.68,composition within 1% of a row whose Tc differs by >30K — irreconcilable twin reports
Ba2Cu1Hg1O4.37-MP-mp-6562-synth_doped.cif,F_near_duplicate_conflict,37.5,2.74,composition within 1% of a row whose Tc differs by >30K — irreconcilable twin reports
Ba2Cu1Hg1O4.39-MP-mp-6562-synth_doped.cif,F_near_duplicate_conflict,24.2,2.78,composition within 1% of a row whose Tc differs by >30K — irreconcilable twin reports
Ba2Cu1Tl2O6.01-MP-mp-6027-synth_doped.cif,F_near_duplicate_conflict,81.0,,composition within 1% of a row whose Tc differs by >30K — irreconcilable twin reports
Ba2Cu1Tl2O6.03-MP-mp-6027-synth_doped.cif,F_near_duplicate_conflict,62.0,,composition within 1% of a row whose Tc differs by >30K — irreconcilable twin reports
Ba2Cu1Tl2O6.05-MP-mp-6027-synth_doped.cif,F_near_duplicate_conflict,47.0,,composition within 1% of a row whose Tc differs by >30K — irreconcilable twin reports
Ba2Cu1Tl2O6.056-MP-mp-6027-synth_doped.cif,F_near_duplicate_conflict,40.0,,composition within 1% of a row whose Tc differs by >30K — irreconcilable twin reports
Ba2Cu1Tl2O6.08-MP-mp-6027-synth_doped.cif,F_near_duplicate_conflict,16.0,,composition within 1% of a row whose Tc differs by >30K — irreconcilable twin reports
Ba2Cu1Tl2O6.12-MP-mp-6027-synth_doped.cif,F_near_duplicate_conflict,87.8,,composition within 1% of a row whose Tc differs by >30K — irreconcilable twin reports
Ba2Cu1Tl2O6.16-MP-mp-6027-synth_doped.cif,F_near_duplicate_conflict,64.9,,composition within 1% of a row whose Tc differs by >30K — irreconcilable twin reports
Ba2Cu1Tl2O6.164-MP-mp-6027-synth_doped.cif,F_near_duplicate_conflict,0.0,,composition within 1% of a row whose Tc differs by >30K — irreconcilable twin reports
Ba2Cu1Tl2O6.19-MP-mp-6027-synth_doped.cif,F_near_duplicate_conflict,45.3,,composition within 1% of a row whose Tc differs by >30K — irreconcilable twin reports
Ba2Cu1Tl2O6.23-MP-mp-6027-synth_doped.cif,F_near_duplicate_conflict,0.0,,composition within 1% of a row whose Tc differs by >30K — irreconcilable twin reports
Bi2Ca1Cu2I0.95Sr2O8.28-MP-mp-1209124-synth_doped.cif,F_near_duplicate_conflict,0.0,,composition within 1% of a row whose Tc differs by >30K — irreconcilable twin reports
Bi2Ca1Cu2I0.98Sr2O8.21-MP-mp-1209124-synth_doped.cif,F_near_duplicate_conflict,49.3,,composition within 1% of a row whose Tc differs by >30K — irreconcilable twin reports
Bi2Ca1Cu2Sr2O8.01-MP-mp-1218930-synth_doped.cif,F_near_duplicate_conflict,0.0,,composition within 1% of a row whose Tc differs by >30K — irreconcilable twin reports
Bi2Ca1Cu2Sr2O8.051-MP-mp-1218930-synth_doped.cif,F_near_duplicate_conflict,0.0,,composition within 1% of a row whose Tc differs by >30K — irreconcilable twin reports
Bi2Ca1Cu2Sr2O8.077-MP-mp-1218930-synth_doped.cif,F_near_duplicate_conflict,0.0,,composition within 1% of a row whose Tc differs by >30K — irreconcilable twin reports
Bi2Ca1Cu2Sr2O8.1-MP-mp-1218930-synth_doped.cif,F_near_duplicate_conflict,90.0,,composition within 1% of a row whose Tc differs by >30K — irreconcilable twin reports
Bi2Ca1Cu2Sr2O8.11-MP-mp-1218930-synth_doped.cif,F_near_duplicate_conflict,86.45,,composition within 1% of a row whose Tc differs by >30K — irreconcilable twin reports
Bi2Ca1Cu2Sr2O8.118-MP-mp-1218930-synth_doped.cif,F_near_duplicate_conflict,91.0,,composition within 1% of a row whose Tc differs by >30K — irreconcilable twin reports
Bi2Ca1Cu2Sr2O8.12-MP-mp-1218930-synth_doped.cif,F_near_duplicate_conflict,81.3,,composition within 1% of a row whose Tc differs by >30K — irreconcilable twin reports
Bi2Ca1Cu2Sr2O8.14-MP-mp-1218930-synth_doped.cif,F_near_duplicate_conflict,81.0,,composition within 1% of a row whose Tc differs by >30K — irreconcilable twin reports
Bi2Ca1Cu2Sr2O8.16-MP-mp-1218930-synth_doped.cif,F_near_duplicate_conflict,89.125,,composition within 1% of a row whose Tc differs by >30K — irreconcilable twin reports
Bi2Ca1Cu2Sr2O8.17-MP-mp-1218930-synth_doped.cif,F_near_duplicate_conflict,85.5,,composition within 1% of a row whose Tc differs by >30K — irreconcilable twin reports
Bi2Ca1Cu2Sr2O8.19-MP-mp-1218930-synth_doped.cif,F_near_duplicate_conflict,89.26666667,,composition within 1% of a row whose Tc differs by >30K — irreconcilable twin reports
Bi2Ca1Cu2Sr2O8.194-MP-mp-1218930-synth_doped.cif,F_near_duplicate_conflict,92.0,,composition within 1% of a row whose Tc differs by >30K — irreconcilable twin reports
Bi2Ca1Cu2Sr2O8.195-MP-mp-1218930-synth_doped.cif,F_near_duplicate_conflict,91.0,,composition within 1% of a row whose Tc differs by >30K — irreconcilable twin reports
Bi2Ca1Cu2Sr2O8.196-MP-mp-1218930-synth_doped.cif,F_near_duplicate_conflict,85.0,,composition within 1% of a row whose Tc differs by >30K — irreconcilable twin reports
Bi2Ca1Cu2Sr2O8.197-MP-mp-1218930-synth_doped.cif,F_near_duplicate_conflict,74.0,,composition within 1% of a row whose Tc differs by >30K — irreconcilable twin reports
Bi2Ca1Cu2Sr2O8.198-MP-mp-1218930-synth_doped.cif,F_near_duplicate_conflict,78.0,,composition within 1% of a row whose Tc differs by >30K — irreconcilable twin reports
Bi2Ca1Cu2Sr2O8.199-MP-mp-1218930-synth_doped.cif,F_near_duplicate_conflict,70.0,,composition within 1% of a row whose Tc differs by >30K — irreconcilable twin reports
Bi2Ca1Cu2Sr2O8.21-MP-mp-1218930-synth_doped.cif,F_near_duplicate_conflict,90.6,,composition within 1% of a row whose Tc differs by >30K — irreconcilable twin reports
Bi2Ca1Cu2Sr2O8.212-MP-mp-1218930-synth_doped.cif,F_near_duplicate_conflict,73.0,,composition within 1% of a row whose Tc differs by >30K — irreconcilable twin reports
Bi2Ca1Cu2Sr2O8.2135-MP-mp-1218930-synth_doped.cif,F_near_duplicate_conflict,70.0,,composition within 1% of a row whose Tc differs by >30K — irreconcilable twin reports
Bi2Ca1Cu2Sr2O8.214-MP-mp-1218930-synth_doped.cif,F_near_duplicate_conflict,70.0,,composition within 1% of a row whose Tc differs by >30K — irreconcilable twin reports
Bi2Ca1Cu2Sr2O8.216-MP-mp-1218930-synth_doped.cif,F_near_duplicate_conflict,78.0,,composition within 1% of a row whose Tc differs by >30K — irreconcilable twin reports
Bi2Ca1Cu2Sr2O8.217-MP-mp-1218930-synth_doped.cif,F_near_duplicate_conflict,0.0,,composition within 1% of a row whose Tc differs by >30K — irreconcilable twin reports
Bi2Ca1Cu2Sr2O8.218-MP-mp-1218930-synth_doped.cif,F_near_duplicate_conflict,70.0,,composition within 1% of a row whose Tc differs by >30K — irreconcilable twin reports
Bi2Ca1Cu2Sr2O8.224-MP-mp-1218930-synth_doped.cif,F_near_duplicate_conflict,89.0,,composition within 1% of a row whose Tc differs by >30K — irreconcilable twin reports
Bi2Ca1Cu2Sr2O8.231-MP-mp-1218930-synth_doped.cif,F_near_duplicate_conflict,83.7,,composition within 1% of a row whose Tc differs by >30K — irreconcilable twin reports
Bi2Ca1Cu2Sr2O8.234-MP-mp-1218930-synth_doped.cif,F_near_duplicate_conflict,84.0,,composition within 1% of a row whose Tc differs by >30K — irreconcilable twin reports
Bi2Ca1Cu2Sr2O8.245-MP-mp-1218930-synth_doped.cif,F_near_duplicate_conflict,90.0,,composition within 1% of a row whose Tc differs by >30K — irreconcilable twin reports
Bi2Ca1Cu2Sr2O8.248-MP-mp-1218930-synth_doped.cif,F_near_duplicate_conflict,86.0,,composition within 1% of a row whose Tc differs by >30K — irreconcilable twin reports
Bi2Ca1Cu2Sr2O8.255-MP-mp-1218930-synth_doped.cif,F_near_duplicate_conflict,0.0,,composition within 1% of a row whose Tc differs by >30K — irreconcilable twin reports
Bi2Ca1Cu2Sr2O8.256-MP-mp-1218930-synth_doped.cif,F_near_duplicate_conflict,67.2,,composition within 1% of a row whose Tc differs by >30K — irreconcilable twin reports
Bi2Ca1Cu2Sr2O8.27-MP-mp-1218930-synth_doped.cif,F_near_duplicate_conflict,85.5,,composition within 1% of a row whose Tc differs by >30K — irreconcilable twin reports
Bi2Ca1Cu2Sr2O8.272-MP-mp-1218930-synth_doped.cif,F_near_duplicate_conflict,92.2,,composition within 1% of a row whose Tc differs by >30K — irreconcilable twin reports
Bi2Ca1Cu2Sr2O8.288-MP-mp-1218930-synth_doped.cif,F_near_duplicate_conflict,90.2,,composition within 1% of a row whose Tc differs by >30K — irreconcilable twin reports
Bi2Ca1Cu2Sr2O8.291-MP-mp-1218930-synth_doped.cif,F_near_duplicate_conflict,89.1,,composition within 1% of a row whose Tc differs by >30K — irreconcilable twin reports
Bi2Ca1Cu2Sr2O8.293-MP-mp-1218930-synth_doped.cif,F_near_duplicate_conflict,87.5,,composition within 1% of a row whose Tc differs by >30K — irreconcilable twin reports
Bi2Ca1Cu2Sr2O8.3-MP-mp-1218930-synth_doped.cif,F_near_duplicate_conflict,70.0,,composition within 1% of a row whose Tc differs by >30K — irreconcilable twin reports
Bi2Ca1Cu2Sr2O8.329-MP-mp-1218930-synth_doped.cif,F_near_duplicate_conflict,47.3,,composition within 1% of a row whose Tc differs by >30K — irreconcilable twin reports
Bi2Ca1Cu2Sr2O8.373-MP-mp-1218930-synth_doped.cif,F_near_duplicate_conflict,47.2,,composition within 1% of a row whose Tc differs by >30K — irreconcilable twin reports
Bi2Ca1Cu2Sr2O8.428-MP-mp-1218930-synth_doped.cif,F_near_duplicate_conflict,42.1,,composition within 1% of a row whose Tc differs by >30K — irreconcilable twin reports
Bi4Ca2Cu4Sr4O16.25-MP-mp-1218930-synth_doped.cif,F_near_duplicate_conflict,82.4,,composition within 1% of a row whose Tc differs by >30K — irreconcilable twin reports
Ce0.06Cu1La1.94O4-MP-mp-1077929-synth_doped.cif,F_near_duplicate_conflict,0.0,1.94,composition within 1% of a row whose Tc differs by >30K — irreconcilable twin reports
Ce0.091Cu1La1.909O4-MP-mp-1077929-synth_doped.cif,F_near_duplicate_conflict,30.3,1.909,composition within 1% of a row whose Tc differs by >30K — irreconcilable twin reports
Cu1La1.795Sr0.205O4-MP-mp-1077929-synth_doped.cif,F_near_duplicate_conflict,0.0,2.205,composition within 1% of a row whose Tc differs by >30K — irreconcilable twin reports
Cu1La1.798Sr0.202O4-MP-mp-1077929-synth_doped.cif,F_near_duplicate_conflict,30.5,2.202,composition within 1% of a row whose Tc differs by >30K — irreconcilable twin reports
Cu1La1.812Sr0.188O4-MP-mp-1077929-synth_doped.cif,F_near_duplicate_conflict,33.7,2.188,composition within 1% of a row whose Tc differs by >30K — irreconcilable twin reports
Cu1La1.822Sr0.178O4-MP-mp-1077929-synth_doped.cif,F_near_duplicate_conflict,36.0,2.178,composition within 1% of a row whose Tc differs by >30K — irreconcilable twin reports
Cu1La1.828Sr0.172O4-MP-mp-1077929-synth_doped.cif,F_near_duplicate_conflict,39.35,2.172,composition within 1% of a row whose Tc differs by >30K — irreconcilable twin reports
Cu1La2O4.003-MP-mp-1077929-synth_doped.cif,F_near_duplicate_conflict,0.0,2.006,composition within 1% of a row whose Tc differs by >30K — irreconcilable twin reports
Cu1La2O4.005-MP-mp-1077929-synth_doped.cif,F_near_duplicate_conflict,32.0,2.01,composition within 1% of a row whose Tc differs by >30K — irreconcilable twin reports
Cu1La2O4.011-MP-mp-1077929-synth_doped.cif,F_near_duplicate_conflict,0.0,2.022,composition within 1% of a row whose Tc differs by >30K — irreconcilable twin reports
Cu1La2O4.012-MP-mp-1077929-synth_doped.cif,F_near_duplicate_conflict,32.0,2.024,composition within 1% of a row whose Tc differs by >30K — irreconcilable twin reports
Cu1La2O4.015-MP-mp-1077929-synth_doped.cif,F_near_duplicate_conflict,0.0,2.03,composition within 1% of a row whose Tc differs by >30K — irreconcilable twin reports
Cu1La2O4.017-MP-mp-1077929-synth_doped.cif,F_near_duplicate_conflict,34.7,2.034,composition within 1% of a row whose Tc differs by >30K — irreconcilable twin reports
Cu1La2O4.02-MP-mp-1077929-synth_doped.cif,F_near_duplicate_conflict,0.0,2.04,composition within 1% of a row whose Tc differs by >30K — irreconcilable twin reports
Cu1La2O4.022-MP-mp-1077929-synth_doped.cif,F_near_duplicate_conflict,42.0,2.044,composition within 1% of a row whose Tc differs by >30K — irreconcilable twin reports
Cu1La2O4.034-MP-mp-1077929-synth_doped.cif,F_near_duplicate_conflict,30.7,2.068,composition within 1% of a row whose Tc differs by >30K — irreconcilable twin reports
Cu1La2O4.035-MP-mp-1077929-synth_doped.cif,F_near_duplicate_conflict,35.0,2.07,composition within 1% of a row whose Tc differs by >30K — irreconcilable twin reports
Cu1La2O4.044-MP-mp-1077929-synth_doped.cif,F_near_duplicate_conflict,34.0,2.088,composition within 1% of a row whose Tc differs by >30K — irreconcilable twin reports
Cu1La2O4.05-MP-mp-1077929-synth_doped.cif,F_near_duplicate_conflict,32.0,2.1,composition within 1% of a row whose Tc differs by >30K — irreconcilable twin reports
Cu1La2O4.052-MP-mp-1077929-synth_doped.cif,F_near_duplicate_conflict,0.0,2.104,composition within 1% of a row whose Tc differs by >30K — irreconcilable twin reports
Cu1La2O4.056-MP-mp-1077929-synth_doped.cif,F_near_duplicate_conflict,0.0,2.112,composition within 1% of a row whose Tc differs by >30K — irreconcilable twin reports
Cu1La2O4.066-MP-mp-1077929-synth_doped.cif,F_near_duplicate_conflict,38.0,2.132,composition within 1% of a row whose Tc differs by >30K — irreconcilable twin reports
Cu1La2O4.068-MP-mp-1077929-synth_doped.cif,F_near_duplicate_conflict,36.0,2.136,composition within 1% of a row whose Tc differs by >30K — irreconcilable twin reports
Cu1La2O4.07-MP-mp-1077929-synth_doped.cif,F_near_duplicate_conflict,40.4,2.14,composition within 1% of a row whose Tc differs by >30K — irreconcilable twin reports
Cu1La2O4.075-MP-mp-1077929-synth_doped.cif,F_near_duplicate_conflict,45.0,2.15,composition within 1% of a row whose Tc differs by >30K — irreconcilable twin reports
Cu1La2O4.086-MP-mp-1077929-synth_doped.cif,F_near_duplicate_conflict,45.2,2.172,composition within 1% of a row whose Tc differs by >30K — irreconcilable twin reports
Cu1La2O4.093-MP-mp-1077929-synth_doped.cif,F_near_duplicate_conflict,45.0,2.186,composition within 1% of a row whose Tc differs by >30K — irreconcilable twin reports
Cu1La2O4.095-MP-mp-1077929-synth_doped.cif,F_near_duplicate_conflict,37.8,2.19,composition within 1% of a row whose Tc differs by >30K — irreconcilable twin reports
Cu1La2O4.1-MP-mp-1077929-synth_doped.cif,F_near_duplicate_conflict,0.0,2.2,composition within 1% of a row whose Tc differs by >30K — irreconcilable twin reports
Cu1La2O4.11-MP-mp-1077929-synth_doped.cif,F_near_duplicate_conflict,43.5,2.22,composition within 1% of a row whose Tc differs by >30K — irreconcilable twin reports
Cu1La2O4.12-MP-mp-1077929-synth_doped.cif,F_near_duplicate_conflict,43.0,2.24,composition within 1% of a row whose Tc differs by >30K — irreconcilable twin reports
Cu1La2O4.13-MP-mp-1077929-synth_doped.cif,F_near_duplicate_conflict,31.0,2.26,composition within 1% of a row whose Tc differs by >30K — irreconcilable twin reports
Cu1La2O4.18-MP-mp-1077929-synth_doped.cif,F_near_duplicate_conflict,0.0,2.36,composition within 1% of a row whose Tc differs by >30K — irreconcilable twin reports
Cu1La2O4.2-MP-mp-1077929-synth_doped.cif,F_near_duplicate_conflict,0.0,2.4,composition within 1% of a row whose Tc differs by >30K — irreconcilable twin reports
Cu1La2O4.32-MP-mp-1077929-synth_doped.cif,F_near_duplicate_conflict,37.5,2.64,composition within 1% of a row whose Tc differs by >30K — irreconcilable twin reports
Cu1La2O4.33-MP-mp-1077929-synth_doped.cif,F_near_duplicate_conflict,0.0,2.66,composition within 1% of a row whose Tc differs by >30K — irreconcilable twin reports
Cu2Fe1Sr2Y1O7.36-MP-mvc-771-synth_doped.cif,F_near_duplicate_conflict,0.0,,composition within 1% of a row whose Tc differs by >30K — irreconcilable twin reports
Cu2Fe1Sr2Y1O7.51-MP-mvc-771-synth_doped.cif,F_near_duplicate_conflict,53.5,,composition within 1% of a row whose Tc differs by >30K — irreconcilable twin reports
Cu2Fe1Sr2Y1O7.6-MP-mvc-771-synth_doped.cif,F_near_duplicate_conflict,0.0,,composition within 1% of a row whose Tc differs by >30K — irreconcilable twin reports
Cu2Fe1Sr2Y1O7.66-MP-mvc-771-synth_doped.cif,F_near_duplicate_conflict,43.5,,composition within 1% of a row whose Tc differs by >30K — irreconcilable twin reports
Cu2Fe1Sr2Y1O7.68-MP-mvc-771-synth_doped.cif,F_near_duplicate_conflict,53.0,,composition within 1% of a row whose Tc differs by >30K — irreconcilable twin reports
Cu2Gd1Ru0.95Sr2Ti0.05O8-MP-mp-1194240-synth_doped.cif,F_near_duplicate_conflict,32.2,,composition within 1% of a row whose Tc differs by >30K — irreconcilable twin reports
Cu2Gd1Ru0.97Sr2Ti0.03O8-MP-mp-1194240-synth_doped.cif,F_near_duplicate_conflict,40.3,,composition within 1% of a row whose Tc differs by >30K — irreconcilable twin reports
Cu2Gd1Ru0.9Sr2Ti0.1O8-MP-mp-1194240-synth_doped.cif,F_near_duplicate_conflict,0.0,,composition within 1% of a row whose Tc differs by >30K — irreconcilable twin reports
Ba0.158Cu1La1.842O4-MP-mp-1077929-synth_doped.cif,G_optimal_doping_zero,0.0,2.158,Cu ox 2.10-2.35 (dome apex) with Tc=0 and no pair-breaker — nominal-O artifact
Ba0.174Cu1La1.826O4-MP-mp-1077929-synth_doped.cif,G_optimal_doping_zero,0.0,2.174,Cu ox 2.10-2.35 (dome apex) with Tc=0 and no pair-breaker — nominal-O artifact
Ba0.25Cu1La1.75O4-MP-mp-1077929-synth_doped.cif,G_optimal_doping_zero,0.0,2.25,Cu ox 2.10-2.35 (dome apex) with Tc=0 and no pair-breaker — nominal-O artifact
Ba0.275Cu1La1.725O4-MP-mp-1077929-synth_doped.cif,G_optimal_doping_zero,0.0,2.275,Cu ox 2.10-2.35 (dome apex) with Tc=0 and no pair-breaker — nominal-O artifact
Ba1.75Cu4Sr0.25Y1O8-MP-mp-6790-synth_doped.cif,G_optimal_doping_zero,0.0,2.25,Cu ox 2.10-2.35 (dome apex) with Tc=0 and no pair-breaker — nominal-O artifact
Ba1.78Cu4Sr0.22Y1O8-MP-mp-6790-synth_doped.cif,G_optimal_doping_zero,0.0,2.25,Cu ox 2.10-2.35 (dome apex) with Tc=0 and no pair-breaker — nominal-O artifact
Ba2Cu1Hg1O4.14-MP-mp-6562-synth_doped.cif,G_optimal_doping_zero,0.0,2.28,Cu ox 2.10-2.35 (dome apex) with Tc=0 and no pair-breaker — nominal-O artifact
Ba2Cu3Eu0.2Y0.8O7-MP-mp-20674-synth_doped.cif,G_optimal_doping_zero,0.0,2.333,Cu ox 2.10-2.35 (dome apex) with Tc=0 and no pair-breaker — nominal-O artifact
Ba2Cu4Lu0.24Y0.76O8-MP-mp-6790-synth_doped.cif,G_optimal_doping_zero,0.0,2.25,Cu ox 2.10-2.35 (dome apex) with Tc=0 and no pair-breaker — nominal-O artifact
Br2Ca1.875Cu1Na0.125O2-MP-mp-545481-synth_doped.cif,G_optimal_doping_zero,0.0,2.125,Cu ox 2.10-2.35 (dome apex) with Tc=0 and no pair-breaker — nominal-O artifact
Ca0.01Cu1Y0.99O2.58-MP-mvc-11697-synth_doped.cif,G_optimal_doping_zero,0.0,2.17,Cu ox 2.10-2.35 (dome apex) with Tc=0 and no pair-breaker — nominal-O artifact
Ca0.01Cu1Y0.99O2.65-MP-mvc-11697-synth_doped.cif,G_optimal_doping_zero,0.0,2.31,Cu ox 2.10-2.35 (dome apex) with Tc=0 and no pair-breaker — nominal-O artifact
Ca0.17Cu1Dy1.83O4-MP-mp-752673-synth_doped.cif,G_optimal_doping_zero,0.0,2.17,Cu ox 2.10-2.35 (dome apex) with Tc=0 and no pair-breaker — nominal-O artifact
Cu0.8La2Li0.2O4-MP-mp-1077929-synth_doped.cif,G_optimal_doping_zero,0.0,2.25,Cu ox 2.10-2.35 (dome apex) with Tc=0 and no pair-breaker — nominal-O artifact
Cu0.9La2Li0.1O4-MP-mp-1077929-synth_doped.cif,G_optimal_doping_zero,0.0,2.111,Cu ox 2.10-2.35 (dome apex) with Tc=0 and no pair-breaker — nominal-O artifact
Cu1La1.795Sr0.205O4-MP-mp-1077929-synth_doped.cif,G_optimal_doping_zero,0.0,2.205,Cu ox 2.10-2.35 (dome apex) with Tc=0 and no pair-breaker — nominal-O artifact
Cu1La1.84Rb0.16O4-MP-mp-1077929-synth_doped.cif,G_optimal_doping_zero,0.0,2.32,Cu ox 2.10-2.35 (dome apex) with Tc=0 and no pair-breaker — nominal-O artifact
Cu1La1.85Na0.15O4-MP-mp-1077929-synth_doped.cif,G_optimal_doping_zero,0.0,2.3,Cu ox 2.10-2.35 (dome apex) with Tc=0 and no pair-breaker — nominal-O artifact
Cu1La1.95Na0.05O4-MP-mp-1077929-synth_doped.cif,G_optimal_doping_zero,0.0,2.1,Cu ox 2.10-2.35 (dome apex) with Tc=0 and no pair-breaker — nominal-O artifact
Cu1La1.9Na0.1O4-MP-mp-1077929-synth_doped.cif,G_optimal_doping_zero,0.0,2.2,Cu ox 2.10-2.35 (dome apex) with Tc=0 and no pair-breaker — nominal-O artifact
Cu1La1O2.64-MP-mp-3474-synth_doped.cif,G_optimal_doping_zero,0.0,2.28,Cu ox 2.10-2.35 (dome apex) with Tc=0 and no pair-breaker — nominal-O artifact
Cu1La2O4.052-MP-mp-1077929-synth_doped.cif,G_optimal_doping_zero,0.0,2.104,Cu ox 2.10-2.35 (dome apex) with Tc=0 and no pair-breaker — nominal-O artifact
Cu1La2O4.056-MP-mp-1077929-synth_doped.cif,G_optimal_doping_zero,0.0,2.112,Cu ox 2.10-2.35 (dome apex) with Tc=0 and no pair-breaker — nominal-O artifact
Cu1La2O4.1-MP-mp-1077929-synth_doped.cif,G_optimal_doping_zero,0.0,2.2,Cu ox 2.10-2.35 (dome apex) with Tc=0 and no pair-breaker — nominal-O artifact
Cu1Sr0.85O2-MP-mp-5787-synth_doped.cif,G_optimal_doping_zero,0.0,2.3,Cu ox 2.10-2.35 (dome apex) with Tc=0 and no pair-breaker — nominal-O artifact
Cu2La2Sr1O6.2-MP-mp-1218240-synth_doped.cif,G_optimal_doping_zero,0.0,2.2,Cu ox 2.10-2.35 (dome apex) with Tc=0 and no pair-breaker — nominal-O artifact
Cu2La2Sr1O6.315-MP-mp-1218240-synth_doped.cif,G_optimal_doping_zero,0.0,2.315,Cu ox 2.10-2.35 (dome apex) with Tc=0 and no pair-breaker — nominal-O artifact
