id,formula,tc,origin,cluster,n,n_zero,n_pos,action
Y1Ba2Cu2.95Al0.05O7-MP-mp-20674.cif,Y1Ba2Cu2.95Al0.05O7,88.0,new,Al-Ba-Cu-O-Y|Y1Ba2Cu2.95Al0.05O6.93,4,2,2,minority sc (2 zero vs 2 SC)
Y1Ba2Cu2.95Al0.05O6.93-MP-mp-20674.cif,Y1Ba2Cu2.95Al0.05O6.93,91.0,new,Al-Ba-Cu-O-Y|Y1Ba2Cu2.95Al0.05O6.93,4,2,2,minority sc (2 zero vs 2 SC)
Ba1Fe1.93Co0.07As2-MP-mp-2903350.cif,Ba1Fe1.93Co0.07As2,0.0,new,As-Ba-Co-Fe|Ba1Fe1.87Co0.13As2,19,1,18,minority zero (1 zero vs 18 SC)
Ca10Pt3.33Fe9.67As18-MP-mp-1227730.cif,Ca10Pt3.33Fe9.67As18,0.0,new,As-Ca-Fe-Pt|Ca10Pt3.72Fe9.28As18,10,2,8,minority zero (2 zero vs 8 SC)
Ca10Pt3.18Fe9.82As18-MP-mp-1227730.cif,Ca10Pt3.18Fe9.82As18,0.0,new,As-Ca-Fe-Pt|Ca10Pt3.72Fe9.28As18,10,2,8,minority zero (2 zero vs 8 SC)
As1Ce1F0.05Fe1O0.95-MP-mp-605060-synth_doped.cif,As1Ce1F0.05Fe1O0.95,11.8,V45,As-Ce-F-Fe-O|As1Ce1F0.05Fe1O0.95,3,2,1,minority sc (2 zero vs 1 SC)
La1Fe0.99975Mn0.00025As1F0.11O0.89-MP-mp-1281007.cif,La1Fe0.99975Mn0.00025As1F0.11O0.89,19.075,new,As-F-Fe-La-Mn-O|La1Fe0.99975Mn0.00025As1F0.11O0.89,3,2,1,minority sc (2 zero vs 1 SC)
La1Fe1As1F0.04O0.96-MP-mp-1281007.cif,La1Fe1As1F0.04O0.96,0.0,new,As-F-Fe-La-O|La1Fe1As1F0.07O0.93,6,1,5,minority zero (1 zero vs 5 SC)
B0.015C0.985Cu1Sr2O5-MP-mp-1198030-synth_doped.cif,B0.015C0.985Cu1Sr2O5,0.0,V45,B-C-Cu-O-Sr|B0.09C0.91Cu1Sr2O5,9,3,6,minority zero (3 zero vs 6 SC)
B0.027C0.973Cu1Sr2O5-MP-mp-1198030-synth_doped.cif,B0.027C0.973Cu1Sr2O5,0.0,V45,B-C-Cu-O-Sr|B0.09C0.91Cu1Sr2O5,9,3,6,minority zero (3 zero vs 6 SC)
Sr2Cu1C0.983B0.018O5-MP-mp-686590.cif,Sr2Cu1C0.983B0.018O5,0.0,new,B-C-Cu-O-Sr|B0.09C0.91Cu1Sr2O5,9,3,6,minority zero (3 zero vs 6 SC)
B2C1La0.09Lu0.91Ni2-MP-mp-6544-synth_doped.cif,B2C1La0.09Lu0.91Ni2,0.0,V45,B-C-La-Lu-Ni|B2C1La0.05Lu0.95Ni2,5,1,4,minority zero (1 zero vs 4 SC)
Ba0.6K0.4Bi0.918Pr0.082O3-MP-mp-1516766.cif,Ba0.6K0.4Bi0.918Pr0.082O3,0.0,new,Ba-Bi-K-O-Pr|Ba0.6K0.4Bi0.933Pr0.067O3,3,1,2,minority zero (1 zero vs 2 SC)
Ca0.4Ba1.25La1.35Cu3O6.99-MP-mp-1228470.cif,Ca0.4Ba1.25La1.35Cu3O6.99,0.0,new,Ba-Ca-Cu-La-O|Ca0.4Ba1.25La1.35Cu3O7.19,5,1,4,minority zero (1 zero vs 4 SC)
Ca0.4La1.25Ba1.35Cu3O6.875-MP-mp-1228470.cif,Ca0.4La1.25Ba1.35Cu3O6.875,0.0,new,Ba-Ca-Cu-La-O|Ca0.4Ba1.35La1.25Cu3O7.15,9,1,8,minority zero (1 zero vs 8 SC)
La1Ba1.5Ca0.5Cu3O6.86-MP-mp-1228470.cif,La1Ba1.5Ca0.5Cu3O6.86,38.0,new,Ba-Ca-Cu-La-O|La1Ba1.5Ca0.5Cu3O6.79,5,3,2,minority sc (3 zero vs 2 SC)
La1Ba1.5Ca0.5Cu3O6.79-MP-mp-1228470.cif,La1Ba1.5Ca0.5Cu3O6.79,40.0,new,Ba-Ca-Cu-La-O|La1Ba1.5Ca0.5Cu3O6.79,5,3,2,minority sc (3 zero vs 2 SC)
La1Ba1.5Ca0.5Cu3O7.08-MP-mp-558557.cif,La1Ba1.5Ca0.5Cu3O7.08,38.0,new,Ba-Ca-Cu-La-O|La1Ba1.5Ca0.5Cu3O6.96,9,5,4,minority sc (5 zero vs 4 SC)
La1Ba1.5Ca0.5Cu3O7.011-MP-mp-558557.cif,La1Ba1.5Ca0.5Cu3O7.011,78.0,new,Ba-Ca-Cu-La-O|La1Ba1.5Ca0.5Cu3O6.96,9,5,4,minority sc (5 zero vs 4 SC)
La1Ba1.5Ca0.5Cu3O6.96-MP-mp-1228470.cif,La1Ba1.5Ca0.5Cu3O6.96,79.9,new,Ba-Ca-Cu-La-O|La1Ba1.5Ca0.5Cu3O6.96,9,5,4,minority sc (5 zero vs 4 SC)
La1Ba1.5Ca0.5Cu3O7.112-MP-mp-558557.cif,La1Ba1.5Ca0.5Cu3O7.112,72.0,new,Ba-Ca-Cu-La-O|La1Ba1.5Ca0.5Cu3O6.96,9,5,4,minority sc (5 zero vs 4 SC)
Y0.8Ca0.2Ba2Cu3O6.12-MP-mp-20897.cif,Y0.8Ca0.2Ba2Cu3O6.12,0.0,new,Ba-Ca-Cu-O-Y|Y0.8Ca0.2Ba2Cu3O6.1,5,2,3,minority zero (2 zero vs 3 SC)
Y0.82Ca0.18Ba2Cu3O6.008-MP-mp-20897.cif,Y0.82Ca0.18Ba2Cu3O6.008,0.0,new,Ba-Ca-Cu-O-Y|Y0.8Ca0.2Ba2Cu3O6.1,5,2,3,minority zero (2 zero vs 3 SC)
Y0.9Ca0.1Ba2Cu3O6.03-MP-mp-1229067.cif,Y0.9Ca0.1Ba2Cu3O6.03,19.8,new,Ba-Ca-Cu-O-Y|Y0.9Ca0.1Ba2Cu3O6.03,3,2,1,minority sc (2 zero vs 1 SC)
Y1Ba2Cu2.6Co0.4O7.03-MP-icsd-63321.cif,Y1Ba2Cu2.6Co0.4O7.03,11.3,new,Ba-Co-Cu-O-Y|Y1Ba2Cu2.6Co0.4O7.03,5,4,1,minority sc (4 zero vs 1 SC)
Y1Ba2Cu2.955Co0.045O7-MP-mp-20674.cif,Y1Ba2Cu2.955Co0.045O7,0.0,new,Ba-Co-Cu-O-Y|Y1Ba2Cu2.95Co0.05O6.92,9,1,8,minority zero (1 zero vs 8 SC)
DyBaSrCu3O7-MP-mp-622105.cif,DyBaSrCu3O7,0.0,new,Ba-Cu-Dy-O-Sr|Dy1Ba1Sr1Cu3O6.93,3,1,2,minority zero (1 zero vs 2 SC)
Er1Ba2Cu3O6.31-MP-mp-1229210.cif,Er1Ba2Cu3O6.31,55.0,new,Ba-Cu-Er-O|Er1Ba2Cu3O6.31,6,4,2,minority sc (4 zero vs 2 SC)
Er1Ba2Cu3O6.15-MP-mp-1229210.cif,Er1Ba2Cu3O6.15,35.0,new,Ba-Cu-Er-O|Er1Ba2Cu3O6.31,6,4,2,minority sc (4 zero vs 2 SC)
Er1Ba2Cu3O6.88-MP-mp-622110.cif,Er1Ba2Cu3O6.88,0.0,new,Ba-Cu-Er-O|Er1Ba2Cu3O6.85,9,1,8,minority zero (1 zero vs 8 SC)
Y0.8Pr0.2Ba2Cu3.9Fe0.1O8-MP-mp-1229203.cif,Y0.8Pr0.2Ba2Cu3.9Fe0.1O8,0.0,new,Ba-Cu-Fe-O-Pr-Y|Y0.8Pr0.2Ba2Cu3.975Fe0.025O8,4,1,3,minority zero (1 zero vs 3 SC)
Y1Ba2Cu2.68Fe0.32O6.999-MP-mp-1228213.cif,Y1Ba2Cu2.68Fe0.32O6.999,26.0,new,Ba-Cu-Fe-O-Y|Y1Ba2Cu2.68Fe0.32O6.999,3,2,1,minority sc (2 zero vs 1 SC)
Y1Ba2Cu2.8Fe0.2O6.7-MP-mp-1228425.cif,Y1Ba2Cu2.8Fe0.2O6.7,0.0,new,Ba-Cu-Fe-O-Y|Y1Ba2Cu2.82Fe0.18O6.895,13,1,12,minority zero (1 zero vs 12 SC)
Y1Ba2Cu2.9Fe0.1O6.58-MP-mp-1228425.cif,Y1Ba2Cu2.9Fe0.1O6.58,0.0,new,Ba-Cu-Fe-O-Y|Y1Ba2Cu2.95Fe0.05O6.92,31,3,28,minority zero (3 zero vs 28 SC)
Y1Ba2Cu2.9Fe0.1O6.52-MP-mp-1228425.cif,Y1Ba2Cu2.9Fe0.1O6.52,0.0,new,Ba-Cu-Fe-O-Y|Y1Ba2Cu2.95Fe0.05O6.92,31,3,28,minority zero (3 zero vs 28 SC)
Y1Ba2Cu2.95Fe0.05O6.52-MP-mp-1228425.cif,Y1Ba2Cu2.95Fe0.05O6.52,0.0,new,Ba-Cu-Fe-O-Y|Y1Ba2Cu2.95Fe0.05O6.92,31,3,28,minority zero (3 zero vs 28 SC)
La1.86Ba0.14Cu0.99Ga0.01O4-MP-mp-1077929.cif,La1.86Ba0.14Cu0.99Ga0.01O4,0.0,new,Ba-Cu-Ga-La-O|La1.9Ba0.1Cu0.99Ga0.01O4,6,1,5,minority zero (1 zero vs 5 SC)
Ba2Cu1Hg1O4.04-MP-mp-6562-synth_doped.cif,Ba2Cu1Hg1O4.04,0.0,V45,Ba-Cu-Hg-O|Ba2Cu1Hg1O4.081,41,3,38,minority zero (3 zero vs 38 SC)
Ba2Cu1Hg1O4.14-MP-mp-6562-synth_doped.cif,Ba2Cu1Hg1O4.14,0.0,V45,Ba-Cu-Hg-O|Ba2Cu1Hg1O4.081,41,3,38,minority zero (3 zero vs 38 SC)
Ba2Cu1Hg1O4.32-MP-mp-6562-synth_doped.cif,Ba2Cu1Hg1O4.32,0.0,V45,Ba-Cu-Hg-O|Ba2Cu1Hg1O4.081,41,3,38,minority zero (3 zero vs 38 SC)
La1.875Ba0.125Cu0.94Ni0.06O4-MP-mp-1077929.cif,La1.875Ba0.125Cu0.94Ni0.06O4,0.0,new,Ba-Cu-La-Ni-O|La1.842Ba0.158Cu0.99Ni0.01O4,10,4,6,minority zero (4 zero vs 6 SC)
La1.875Ba0.125Cu0.96Ni0.04O4-MP-mp-1077929.cif,La1.875Ba0.125Cu0.96Ni0.04O4,0.0,new,Ba-Cu-La-Ni-O|La1.842Ba0.158Cu0.99Ni0.01O4,10,4,6,minority zero (4 zero vs 6 SC)
La1.875Ba0.125Cu0.99Ni0.01O4-MP-mp-1077929.cif,La1.875Ba0.125Cu0.99Ni0.01O4,0.0,new,Ba-Cu-La-Ni-O|La1.842Ba0.158Cu0.99Ni0.01O4,10,4,6,minority zero (4 zero vs 6 SC)
La1.875Ba0.125Cu0.98Ni0.02O4-MP-mp-1077929.cif,La1.875Ba0.125Cu0.98Ni0.02O4,0.0,new,Ba-Cu-La-Ni-O|La1.842Ba0.158Cu0.99Ni0.01O4,10,4,6,minority zero (4 zero vs 6 SC)
La1.9Ba0.1Cu0.99Zn0.01O4-MP-mp-1077929.cif,La1.9Ba0.1Cu0.99Zn0.01O4,9.8,new,Ba-Cu-La-O-Zn|La1.82Ba0.18Cu0.99Zn0.01O4,10,7,3,minority sc (7 zero vs 3 SC)
La1.84Ba0.16Cu0.99Zn0.01O4-MP-mp-1077929.cif,La1.84Ba0.16Cu0.99Zn0.01O4,12.4,new,Ba-Cu-La-O-Zn|La1.82Ba0.18Cu0.99Zn0.01O4,10,7,3,minority sc (7 zero vs 3 SC)
La1.82Ba0.18Cu0.99Zn0.01O4-MP-mp-1077929.cif,La1.82Ba0.18Cu0.99Zn0.01O4,13.9,new,Ba-Cu-La-O-Zn|La1.82Ba0.18Cu0.99Zn0.01O4,10,7,3,minority sc (7 zero vs 3 SC)
Ba0.004Cu1La1.996O4-MP-mp-1077929-synth_doped.cif,Ba0.004Cu1La1.996O4,0.0,V45,Ba-Cu-La-O|Ba0.105Cu1La1.895O4,42,14,28,minority zero (14 zero vs 28 SC)
Ba0.014Cu1La1.986O4-MP-mp-1077929-synth_doped.cif,Ba0.014Cu1La1.986O4,0.0,V45,Ba-Cu-La-O|Ba0.105Cu1La1.895O4,42,14,28,minority zero (14 zero vs 28 SC)
Ba0.016Cu1La1.984O4-MP-mp-1077929-synth_doped.cif,Ba0.016Cu1La1.984O4,0.0,V45,Ba-Cu-La-O|Ba0.105Cu1La1.895O4,42,14,28,minority zero (14 zero vs 28 SC)
Ba0.01Cu1La1.99O4-MP-mp-1077929-synth_doped.cif,Ba0.01Cu1La1.99O4,0.0,V45,Ba-Cu-La-O|Ba0.105Cu1La1.895O4,42,14,28,minority zero (14 zero vs 28 SC)
Ba0.024Cu1La1.976O4-MP-mp-1077929-synth_doped.cif,Ba0.024Cu1La1.976O4,0.0,V45,Ba-Cu-La-O|Ba0.105Cu1La1.895O4,42,14,28,minority zero (14 zero vs 28 SC)
Ba0.02Cu1La1.98O4-MP-mp-1077929-synth_doped.cif,Ba0.02Cu1La1.98O4,0.0,V45,Ba-Cu-La-O|Ba0.105Cu1La1.895O4,42,14,28,minority zero (14 zero vs 28 SC)
Ba0.035Cu1La1.965O4-MP-mp-1077929-synth_doped.cif,Ba0.035Cu1La1.965O4,0.0,V45,Ba-Cu-La-O|Ba0.105Cu1La1.895O4,42,14,28,minority zero (14 zero vs 28 SC)
Ba0.03Cu1La1.97O4-MP-mp-1077929-synth_doped.cif,Ba0.03Cu1La1.97O4,0.0,V45,Ba-Cu-La-O|Ba0.105Cu1La1.895O4,42,14,28,minority zero (14 zero vs 28 SC)
Ba0.045Cu1La1.955O4-MP-mp-1077929-synth_doped.cif,Ba0.045Cu1La1.955O4,0.0,V45,Ba-Cu-La-O|Ba0.105Cu1La1.895O4,42,14,28,minority zero (14 zero vs 28 SC)
Ba0.054Cu1La1.946O4-MP-mp-1077929-synth_doped.cif,Ba0.054Cu1La1.946O4,0.0,V45,Ba-Cu-La-O|Ba0.105Cu1La1.895O4,42,14,28,minority zero (14 zero vs 28 SC)
Ba0.074Cu1La1.926O4-MP-mp-1077929-synth_doped.cif,Ba0.074Cu1La1.926O4,0.0,V45,Ba-Cu-La-O|Ba0.105Cu1La1.895O4,42,14,28,minority zero (14 zero vs 28 SC)
Ba0.158Cu1La1.842O4-MP-mp-1077929-synth_doped.cif,Ba0.158Cu1La1.842O4,0.0,V45,Ba-Cu-La-O|Ba0.105Cu1La1.895O4,42,14,28,minority zero (14 zero vs 28 SC)
Ba0.174Cu1La1.826O4-MP-mp-1077929-synth_doped.cif,Ba0.174Cu1La1.826O4,0.0,V45,Ba-Cu-La-O|Ba0.105Cu1La1.895O4,42,14,28,minority zero (14 zero vs 28 SC)
La1.95Ba0.05Cu1O3.98-MP-mp-1077929.cif,La1.95Ba0.05Cu1O3.98,0.0,new,Ba-Cu-La-O|Ba0.105Cu1La1.895O4,42,14,28,minority zero (14 zero vs 28 SC)
Ba0.25Cu1La1.75O4-MP-mp-1077929-synth_doped.cif,Ba0.25Cu1La1.75O4,0.0,V45,Ba-Cu-La-O|Ba0.24Cu1La1.76O4,3,1,2,minority zero (1 zero vs 2 SC)
La1.2Ba1.8Cu3O7.3-MP-mp-505315.cif,La1.2Ba1.8Cu3O7.3,27.0,new,Ba-Cu-La-O|La1.2Ba1.8Cu3O7.3,5,4,1,minority sc (4 zero vs 1 SC)
Y1Ba2Cu3.88Mn0.12O8-MP-mp-6790.cif,Y1Ba2Cu3.88Mn0.12O8,0.0,new,Ba-Cu-Mn-O-Y|Y1Ba2Cu3.96Mn0.04O8,3,1,2,minority zero (1 zero vs 2 SC)
NdBaSrCu3O7-MP-icsd-56627.cif,NdBaSrCu3O7,0.0,new,Ba-Cu-Nd-O-Sr|Nd1Ba1Sr1Cu3O6.94,3,1,2,minority zero (1 zero vs 2 SC)
Nd1.5Ba1.5Cu3O7.14-MP-mp-1228592.cif,Nd1.5Ba1.5Cu3O7.14,20.0,new,Ba-Cu-Nd-O|Nd1.5Ba1.5Cu3O7.14,4,2,2,minority sc (2 zero vs 2 SC)
Nd1.5Ba1.5Cu3O7.12-MP-mp-1228592.cif,Nd1.5Ba1.5Cu3O7.12,15.4,new,Ba-Cu-Nd-O|Nd1.5Ba1.5Cu3O7.14,4,2,2,minority sc (2 zero vs 2 SC)
Nd1Ba2Cu3O6.87-MP-mp-22719.cif,Nd1Ba2Cu3O6.87,0.0,new,Ba-Cu-Nd-O|Nd1Ba2Cu3O6.76,13,1,12,minority zero (1 zero vs 12 SC)
Y0.4Pr0.6Ba1Sr1Cu3O6.95-MP-mp-1228182.cif,Y0.4Pr0.6Ba1Sr1Cu3O6.95,0.0,new,Ba-Cu-O-Pr-Sr-Y|Y0.4Pr0.6Ba1Sr1Cu3O7,3,1,2,minority zero (1 zero vs 2 SC)
Y0.5Pr0.5Ba2Cu3O6.98-MP-mp-1228182.cif,Y0.5Pr0.5Ba2Cu3O6.98,21.9,new,Ba-Cu-O-Pr-Y|Ba2Cu3Pr0.5Y0.5O7,15,8,7,minority sc (8 zero vs 7 SC)
Ba2Cu3Pr0.5Y0.5O7-MP-mp-1228182.cif,Ba2Cu3Pr0.5Y0.5O7,25.93,V45,Ba-Cu-O-Pr-Y|Ba2Cu3Pr0.5Y0.5O7,15,8,7,minority sc (8 zero vs 7 SC)
Y0.45Pr0.55Ba2Cu3O6.953-MP-mp-1228182.cif,Y0.45Pr0.55Ba2Cu3O6.953,14.4,new,Ba-Cu-O-Pr-Y|Ba2Cu3Pr0.5Y0.5O7,15,8,7,minority sc (8 zero vs 7 SC)
Y0.4Pr0.6Ba2Cu3O6.95-MP-mp-1228182.cif,Y0.4Pr0.6Ba2Cu3O6.95,9.0,new,Ba-Cu-O-Pr-Y|Ba2Cu3Pr0.5Y0.5O7,15,8,7,minority sc (8 zero vs 7 SC)
Y0.44Pr0.56Ba2Cu3O6.93-MP-mp-1228182.cif,Y0.44Pr0.56Ba2Cu3O6.93,2.1,new,Ba-Cu-O-Pr-Y|Ba2Cu3Pr0.5Y0.5O7,15,8,7,minority sc (8 zero vs 7 SC)
Y0.5Pr0.5Ba2Cu3O6.96-MP-mp-1228182.cif,Y0.5Pr0.5Ba2Cu3O6.96,11.0,new,Ba-Cu-O-Pr-Y|Ba2Cu3Pr0.5Y0.5O7,15,8,7,minority sc (8 zero vs 7 SC)
Y0.47Pr0.53Ba2Cu3O6.96-MP-mp-1228182.cif,Y0.47Pr0.53Ba2Cu3O6.96,13.5,new,Ba-Cu-O-Pr-Y|Ba2Cu3Pr0.5Y0.5O7,15,8,7,minority sc (8 zero vs 7 SC)
Y0.5Pr0.5Ba2Cu3O6.8-MP-mp-1228182.cif,Y0.5Pr0.5Ba2Cu3O6.8,0.0,new,Ba-Cu-O-Pr-Y|Y0.5Pr0.5Ba2Cu3O6.68,8,1,7,minority zero (1 zero vs 7 SC)
Y0.6Pr0.4Ba2Cu3O6.45-MP-mp-1229245.cif,Y0.6Pr0.4Ba2Cu3O6.45,0.0,new,Ba-Cu-O-Pr-Y|Y0.6Pr0.4Ba2Cu3O6.53,3,1,2,minority zero (1 zero vs 2 SC)
Pr1Ba2Cu3O6.8-MP-mp-20936.cif,Pr1Ba2Cu3O6.8,81.0,new,Ba-Cu-O-Pr|Pr1Ba2Cu3O6.8,8,7,1,minority sc (7 zero vs 1 SC)
Sm1.05Ba1.95Cu3O6.94-MP-mp-21451.cif,Sm1.05Ba1.95Cu3O6.94,0.0,new,Ba-Cu-O-Sm|Sm1.05Ba1.95Cu3O6.87,3,1,2,minority zero (1 zero vs 2 SC)
Sm1.3Ba1.7Cu3O6.996-MP-mp-21451.cif,Sm1.3Ba1.7Cu3O6.996,0.0,new,Ba-Cu-O-Sm|Sm1.27Ba1.73Cu3O7.05,3,1,2,minority zero (1 zero vs 2 SC)
Sm1Ba2Cu3O6.64-MP-mp-21451.cif,Sm1Ba2Cu3O6.64,0.0,new,Ba-Cu-O-Sm|Sm1Ba2Cu3O7.11,19,4,15,minority zero (4 zero vs 15 SC)
Sm1Ba2Cu3O6.53-MP-mp-21451.cif,Sm1Ba2Cu3O6.53,0.0,new,Ba-Cu-O-Sm|Sm1Ba2Cu3O7.11,19,4,15,minority zero (4 zero vs 15 SC)
Sm1Ba2Cu3O6.467-MP-mp-1229115.cif,Sm1Ba2Cu3O6.467,0.0,new,Ba-Cu-O-Sm|Sm1Ba2Cu3O7.11,19,4,15,minority zero (4 zero vs 15 SC)
Sm1Ba2Cu3O7.06-MP-icsd-68194.cif,Sm1Ba2Cu3O7.06,0.0,new,Ba-Cu-O-Sm|Sm1Ba2Cu3O7.11,19,4,15,minority zero (4 zero vs 15 SC)
Ba1.6Sr0.4Yb1Cu3O6.42-MP-mp-1099602.cif,Ba1.6Sr0.4Yb1Cu3O6.42,0.0,new,Ba-Cu-O-Sr-Yb|Ba1.6Sr0.4Yb1Cu3O6.53,3,1,2,minority zero (1 zero vs 2 SC)
Y1Ba1.38Sr0.62Cu4O8-MP-mp-1227433.cif,Y1Ba1.38Sr0.62Cu4O8,0.0,new,Ba-Cu-O-Sr-Y|Y1Ba1.4Sr0.6Cu4O7.95,4,1,3,minority zero (1 zero vs 3 SC)
Ba1.75Cu4Sr0.25Y1O8-MP-mp-6790-synth_doped.cif,Ba1.75Cu4Sr0.25Y1O8,0.0,V45,Ba-Cu-O-Sr-Y|Y1Ba1.8Sr0.2Cu4O7.95,6,2,4,minority zero (2 zero vs 4 SC)
Ba1.78Cu4Sr0.22Y1O8-MP-mp-6790-synth_doped.cif,Ba1.78Cu4Sr0.22Y1O8,0.0,V45,Ba-Cu-O-Sr-Y|Y1Ba1.8Sr0.2Cu4O7.95,6,2,4,minority zero (2 zero vs 4 SC)
Ba2.02Cu1.01Tl1.97O6.16-MP-mp-6027-synth_doped.cif,Ba2.02Cu1.01Tl1.97O6.16,0.0,V45,Ba-Cu-O-Tl|Ba2Cu1Tl2O6.12,17,3,14,minority zero (3 zero vs 14 SC)
Ba2Cu1Tl2O6.164-MP-mp-6027-synth_doped.cif,Ba2Cu1Tl2O6.164,0.0,V45,Ba-Cu-O-Tl|Ba2Cu1Tl2O6.12,17,3,14,minority zero (3 zero vs 14 SC)
Ba2Cu1Tl2O6.23-MP-mp-6027-synth_doped.cif,Ba2Cu1Tl2O6.23,0.0,V45,Ba-Cu-O-Tl|Ba2Cu1Tl2O6.12,17,3,14,minority zero (3 zero vs 14 SC)
Tm1Ba2Cu3O6.37-MP-mp-1228146.cif,Tm1Ba2Cu3O6.37,0.0,new,Ba-Cu-O-Tm|Tm1Ba2Cu3O6.49,4,1,3,minority zero (1 zero vs 3 SC)
Y1Ba2Cu2.7Zn0.3O6.92-MP-mp-20674.cif,Y1Ba2Cu2.7Zn0.3O6.92,47.2,new,Ba-Cu-O-Y-Zn|Y1Ba2Cu2.7Zn0.3O6.92,5,4,1,minority sc (4 zero vs 1 SC)
Y1Ba2Cu2.79Zn0.21O6.9-MP-mp-20674.cif,Y1Ba2Cu2.79Zn0.21O6.9,0.0,new,Ba-Cu-O-Y-Zn|Y1Ba2Cu2.9955Zn0.0045O6.95,99,21,78,minority zero (21 zero vs 78 SC)
Y1Ba2Cu2.826Zn0.174O6.89-MP-mp-20674.cif,Y1Ba2Cu2.826Zn0.174O6.89,0.0,new,Ba-Cu-O-Y-Zn|Y1Ba2Cu2.9955Zn0.0045O6.95,99,21,78,minority zero (21 zero vs 78 SC)
Y1Ba2Cu2.883Zn0.117O6.9-MP-mp-20674.cif,Y1Ba2Cu2.883Zn0.117O6.9,0.0,new,Ba-Cu-O-Y-Zn|Y1Ba2Cu2.9955Zn0.0045O6.95,99,21,78,minority zero (21 zero vs 78 SC)
Y1Ba2Cu2.94Zn0.06O6.91-MP-mp-20674.cif,Y1Ba2Cu2.94Zn0.06O6.91,0.0,new,Ba-Cu-O-Y-Zn|Y1Ba2Cu2.9955Zn0.0045O6.95,99,21,78,minority zero (21 zero vs 78 SC)
Y1Ba2Cu2.841Zn0.159O6.89-MP-mp-20674.cif,Y1Ba2Cu2.841Zn0.159O6.89,0.0,new,Ba-Cu-O-Y-Zn|Y1Ba2Cu2.9955Zn0.0045O6.95,99,21,78,minority zero (21 zero vs 78 SC)
Y1Ba2Cu2.79Zn0.21O6.81-MP-mp-20674.cif,Y1Ba2Cu2.79Zn0.21O6.81,0.0,new,Ba-Cu-O-Y-Zn|Y1Ba2Cu2.9955Zn0.0045O6.95,99,21,78,minority zero (21 zero vs 78 SC)
Y1Ba2Cu2.79Zn0.21O6.74-MP-mp-1228425.cif,Y1Ba2Cu2.79Zn0.21O6.74,0.0,new,Ba-Cu-O-Y-Zn|Y1Ba2Cu2.9955Zn0.0045O6.95,99,21,78,minority zero (21 zero vs 78 SC)
Y1Ba2Cu2.79Zn0.21O6.76-MP-mp-1228903.cif,Y1Ba2Cu2.79Zn0.21O6.76,0.0,new,Ba-Cu-O-Y-Zn|Y1Ba2Cu2.9955Zn0.0045O6.95,99,21,78,minority zero (21 zero vs 78 SC)
Y1Ba2Cu2.79Zn0.21O6.7-MP-mp-1228425.cif,Y1Ba2Cu2.79Zn0.21O6.7,0.0,new,Ba-Cu-O-Y-Zn|Y1Ba2Cu2.9955Zn0.0045O6.95,99,21,78,minority zero (21 zero vs 78 SC)
Y1Ba2Cu2.88Zn0.12O6.63-MP-mp-1228425.cif,Y1Ba2Cu2.88Zn0.12O6.63,0.0,new,Ba-Cu-O-Y-Zn|Y1Ba2Cu2.9955Zn0.0045O6.95,99,21,78,minority zero (21 zero vs 78 SC)
Y1Ba2Cu2.91Zn0.09O6.63-MP-mp-1228425.cif,Y1Ba2Cu2.91Zn0.09O6.63,0.0,new,Ba-Cu-O-Y-Zn|Y1Ba2Cu2.9955Zn0.0045O6.95,99,21,78,minority zero (21 zero vs 78 SC)
Y1Ba2Cu2.91Zn0.09O6.56-MP-mp-1228425.cif,Y1Ba2Cu2.91Zn0.09O6.56,0.0,new,Ba-Cu-O-Y-Zn|Y1Ba2Cu2.9955Zn0.0045O6.95,99,21,78,minority zero (21 zero vs 78 SC)
Y1Ba2Cu2.91Zn0.09O6.44-MP-mp-20897.cif,Y1Ba2Cu2.91Zn0.09O6.44,0.0,new,Ba-Cu-O-Y-Zn|Y1Ba2Cu2.9955Zn0.0045O6.95,99,21,78,minority zero (21 zero vs 78 SC)
Y1Ba2Cu2.94Zn0.06O6.42-MP-mp-1228903.cif,Y1Ba2Cu2.94Zn0.06O6.42,0.0,new,Ba-Cu-O-Y-Zn|Y1Ba2Cu2.9955Zn0.0045O6.95,99,21,78,minority zero (21 zero vs 78 SC)
Y1Ba2Cu2.94Zn0.06O6.38-MP-mp-1229067.cif,Y1Ba2Cu2.94Zn0.06O6.38,0.0,new,Ba-Cu-O-Y-Zn|Y1Ba2Cu2.9955Zn0.0045O6.95,99,21,78,minority zero (21 zero vs 78 SC)
Y1Ba2Cu2.94Zn0.06O6.33-MP-mp-1229067.cif,Y1Ba2Cu2.94Zn0.06O6.33,0.0,new,Ba-Cu-O-Y-Zn|Y1Ba2Cu2.9955Zn0.0045O6.95,99,21,78,minority zero (21 zero vs 78 SC)
Y1Ba2Cu2.91Zn0.09O6.48-MP-mp-20897.cif,Y1Ba2Cu2.91Zn0.09O6.48,0.0,new,Ba-Cu-O-Y-Zn|Y1Ba2Cu2.9955Zn0.0045O6.95,99,21,78,minority zero (21 zero vs 78 SC)
Y1Ba2Cu2.91Zn0.09O6.5-MP-mp-20897.cif,Y1Ba2Cu2.91Zn0.09O6.5,0.0,new,Ba-Cu-O-Y-Zn|Y1Ba2Cu2.9955Zn0.0045O6.95,99,21,78,minority zero (21 zero vs 78 SC)
Y1Ba2Cu2.931Zn0.069O6.5-MP-mp-20897.cif,Y1Ba2Cu2.931Zn0.069O6.5,0.0,new,Ba-Cu-O-Y-Zn|Y1Ba2Cu2.9955Zn0.0045O6.95,99,21,78,minority zero (21 zero vs 78 SC)
Y1Ba2Cu2.94Zn0.06O6.53-MP-mp-1228425.cif,Y1Ba2Cu2.94Zn0.06O6.53,0.0,new,Ba-Cu-O-Y-Zn|Y1Ba2Cu2.9955Zn0.0045O6.95,99,21,78,minority zero (21 zero vs 78 SC)
Y1Ba2Cu2.94Zn0.06O6.48-MP-mp-20897.cif,Y1Ba2Cu2.94Zn0.06O6.48,0.0,new,Ba-Cu-O-Y-Zn|Y1Ba2Cu2.9955Zn0.0045O6.95,99,21,78,minority zero (21 zero vs 78 SC)
Ba2Cu3Y1O6-MP-mp-22215.cif,Ba2Cu3Y1O6,0.0,V45,Ba-Cu-O-Y|Y1Ba2Cu3O6.906,46,17,29,minority zero (17 zero vs 29 SC)
Y1Ba2Cu3O6.31-MP-mp-1229067.cif,Y1Ba2Cu3O6.31,0.0,new,Ba-Cu-O-Y|Y1Ba2Cu3O6.906,46,17,29,minority zero (17 zero vs 29 SC)
Y1Ba2Cu3O6.27-MP-mp-1229067.cif,Y1Ba2Cu3O6.27,0.0,new,Ba-Cu-O-Y|Y1Ba2Cu3O6.906,46,17,29,minority zero (17 zero vs 29 SC)
Y1Ba2Cu3O6.26-MP-mp-1229067.cif,Y1Ba2Cu3O6.26,0.0,new,Ba-Cu-O-Y|Y1Ba2Cu3O6.906,46,17,29,minority zero (17 zero vs 29 SC)
Y1Ba2Cu3O6.25-MP-mp-1229067.cif,Y1Ba2Cu3O6.25,0.0,new,Ba-Cu-O-Y|Y1Ba2Cu3O6.906,46,17,29,minority zero (17 zero vs 29 SC)
Y1Ba2Cu3O6.23-MP-mp-1229067.cif,Y1Ba2Cu3O6.23,0.0,new,Ba-Cu-O-Y|Y1Ba2Cu3O6.906,46,17,29,minority zero (17 zero vs 29 SC)
Y1Ba2Cu3O6.18-MP-mp-1229067.cif,Y1Ba2Cu3O6.18,0.0,new,Ba-Cu-O-Y|Y1Ba2Cu3O6.906,46,17,29,minority zero (17 zero vs 29 SC)
Y1Ba2Cu3O6.197-MP-mp-1229067.cif,Y1Ba2Cu3O6.197,0.0,new,Ba-Cu-O-Y|Y1Ba2Cu3O6.906,46,17,29,minority zero (17 zero vs 29 SC)
Y1Ba2Cu3O6.21-MP-mp-1229067.cif,Y1Ba2Cu3O6.21,0.0,new,Ba-Cu-O-Y|Y1Ba2Cu3O6.906,46,17,29,minority zero (17 zero vs 29 SC)
Y1Ba2Cu3O6.17-MP-mp-1229067.cif,Y1Ba2Cu3O6.17,0.0,new,Ba-Cu-O-Y|Y1Ba2Cu3O6.906,46,17,29,minority zero (17 zero vs 29 SC)
Y1Ba2Cu3O6.13-MP-mp-1229067.cif,Y1Ba2Cu3O6.13,0.0,new,Ba-Cu-O-Y|Y1Ba2Cu3O6.906,46,17,29,minority zero (17 zero vs 29 SC)
Y1Ba2Cu3O6.15-MP-mp-1229067.cif,Y1Ba2Cu3O6.15,0.0,new,Ba-Cu-O-Y|Y1Ba2Cu3O6.906,46,17,29,minority zero (17 zero vs 29 SC)
Y1Ba2Cu3O6.09-MP-mp-1229067.cif,Y1Ba2Cu3O6.09,0.0,new,Ba-Cu-O-Y|Y1Ba2Cu3O6.906,46,17,29,minority zero (17 zero vs 29 SC)
Y1Ba2Cu3O6.12-MP-mp-1229067.cif,Y1Ba2Cu3O6.12,0.0,new,Ba-Cu-O-Y|Y1Ba2Cu3O6.906,46,17,29,minority zero (17 zero vs 29 SC)
Y1Ba2Cu3O6.08-MP-mp-1229067.cif,Y1Ba2Cu3O6.08,0.0,new,Ba-Cu-O-Y|Y1Ba2Cu3O6.906,46,17,29,minority zero (17 zero vs 29 SC)
Y1Ba2Cu3O6.05-MP-mp-1229067.cif,Y1Ba2Cu3O6.05,0.0,new,Ba-Cu-O-Y|Y1Ba2Cu3O6.906,46,17,29,minority zero (17 zero vs 29 SC)
Y1Ba2Cu3O6.07-MP-mp-1229067.cif,Y1Ba2Cu3O6.07,0.0,new,Ba-Cu-O-Y|Y1Ba2Cu3O6.906,46,17,29,minority zero (17 zero vs 29 SC)
Bi2Sr2Ca1Cu2I0.23O8.28-MP-mp-1209124.cif,Bi2Sr2Ca1Cu2I0.23O8.28,0.0,new,Bi-Ca-Cu-I-O-Sr|Bi2Sr2Ca1Cu2I0.25O8.21,3,1,2,minority zero (1 zero vs 2 SC)
Bi2Ca1Cu2Sr2O8.01-MP-mp-1218930-synth_doped.cif,Bi2Ca1Cu2Sr2O8.01,0.0,V45,Bi-Ca-Cu-O-Sr|Bi2Ca1Cu2Sr2O8.272,45,8,37,minority zero (8 zero vs 37 SC)
Bi2Ca1Cu2Sr2O8.051-MP-mp-1218930-synth_doped.cif,Bi2Ca1Cu2Sr2O8.051,0.0,V45,Bi-Ca-Cu-O-Sr|Bi2Ca1Cu2Sr2O8.272,45,8,37,minority zero (8 zero vs 37 SC)
Bi2Ca1Cu2Sr2O8.077-MP-mp-1218930-synth_doped.cif,Bi2Ca1Cu2Sr2O8.077,0.0,V45,Bi-Ca-Cu-O-Sr|Bi2Ca1Cu2Sr2O8.272,45,8,37,minority zero (8 zero vs 37 SC)
Bi2Ca1Cu2Sr2O8.217-MP-mp-1218930-synth_doped.cif,Bi2Ca1Cu2Sr2O8.217,0.0,V45,Bi-Ca-Cu-O-Sr|Bi2Ca1Cu2Sr2O8.272,45,8,37,minority zero (8 zero vs 37 SC)
Bi2Ca1Cu2Sr2O8.255-MP-mp-1218930-synth_doped.cif,Bi2Ca1Cu2Sr2O8.255,0.0,V45,Bi-Ca-Cu-O-Sr|Bi2Ca1Cu2Sr2O8.272,45,8,37,minority zero (8 zero vs 37 SC)
Bi2Sr2Ca1Cu2O7.93-MP-mp-1218930.cif,Bi2Sr2Ca1Cu2O7.93,0.0,new,Bi-Ca-Cu-O-Sr|Bi2Ca1Cu2Sr2O8.272,45,8,37,minority zero (8 zero vs 37 SC)
Bi2Sr2Ca1Cu2O7.965-MP-mp-1218930.cif,Bi2Sr2Ca1Cu2O7.965,0.0,new,Bi-Ca-Cu-O-Sr|Bi2Ca1Cu2Sr2O8.272,45,8,37,minority zero (8 zero vs 37 SC)
Bi2Sr2Ca1Cu2O7.975-MP-mp-1218930.cif,Bi2Sr2Ca1Cu2O7.975,0.0,new,Bi-Ca-Cu-O-Sr|Bi2Ca1Cu2Sr2O8.272,45,8,37,minority zero (8 zero vs 37 SC)
Bi0.1485Mo0.1815Cu2.67Sr2Y1O7.21-MP-mp-1520951.cif,Bi0.1485Mo0.1815Cu2.67Sr2Y1O7.21,20.6,new,Bi-Cu-Mo-O-Sr-Y|Bi0.132Mo0.198Cu2.67Sr2Y1O7.2,4,2,2,minority sc (2 zero vs 2 SC)
Bi0.132Mo0.198Cu2.67Sr2Y1O7.2-MP-mp-1520951.cif,Bi0.132Mo0.198Cu2.67Sr2Y1O7.2,29.0,new,Bi-Cu-Mo-O-Sr-Y|Bi0.132Mo0.198Cu2.67Sr2Y1O7.2,4,2,2,minority sc (2 zero vs 2 SC)
Bi2Cu1Sr2O6.17-MP-mp-555827-synth_doped.cif,Bi2Cu1Sr2O6.17,0.0,V45,Bi-Cu-O-Sr|Bi2Cu1Sr2O6.13,7,1,6,minority zero (1 zero vs 6 SC)
La1.8Sr0.2Ca1Cu2O5.92-MP-mp-1213978.cif,La1.8Sr0.2Ca1Cu2O5.92,0.0,new,Ca-Cu-La-O-Sr|La1.8Sr0.2Ca1Cu2O5.98,5,1,4,minority zero (1 zero vs 4 SC)
Tl1Sr2Ca1Cu2O6.78-MP-mp-20824.cif,Tl1Sr2Ca1Cu2O6.78,0.0,new,Ca-Cu-O-Sr-Tl|Tl1Sr2Ca1Cu2O6.68,10,1,9,minority zero (1 zero vs 9 SC)
Nd1.85Ce0.15Cu0.995Co0.005O4-MP-mp-4158.cif,Nd1.85Ce0.15Cu0.995Co0.005O4,4.725,new,Ce-Co-Cu-Nd-O|Nd1.85Ce0.15Cu0.999Co0.001O4,4,2,2,minority sc (2 zero vs 2 SC)
Nd1.85Ce0.15Cu0.999Co0.001O4-MP-mp-4158.cif,Nd1.85Ce0.15Cu0.999Co0.001O4,15.475,new,Ce-Co-Cu-Nd-O|Nd1.85Ce0.15Cu0.999Co0.001O4,4,2,2,minority sc (2 zero vs 2 SC)
Pr0.96La1Ce0.04Cu1O4-MP-mp-1077929.cif,Pr0.96La1Ce0.04Cu1O4,0.0,new,Ce-Cu-La-O-Pr|Pr0.88La1Ce0.12Cu1O3.908,9,3,6,minority zero (3 zero vs 6 SC)
Pr0.94La1Ce0.06Cu1O4-MP-mp-1077929.cif,Pr0.94La1Ce0.06Cu1O4,0.0,new,Ce-Cu-La-O-Pr|Pr0.88La1Ce0.12Cu1O3.908,9,3,6,minority zero (3 zero vs 6 SC)
Pr0.92La1Ce0.08Cu1O4-MP-mp-1077929.cif,Pr0.92La1Ce0.08Cu1O4,0.0,new,Ce-Cu-La-O-Pr|Pr0.88La1Ce0.12Cu1O3.908,9,3,6,minority zero (3 zero vs 6 SC)
Nd1.85Ce0.15Cu0.99Ni0.01O4-MP-mp-4158.cif,Nd1.85Ce0.15Cu0.99Ni0.01O4,0.0,new,Ce-Cu-Nd-Ni-O|Nd1.85Ce0.15Cu0.999Ni0.001O4,5,2,3,minority zero (2 zero vs 3 SC)
Nd1.85Ce0.15Cu0.98Ni0.02O4-MP-mp-4158.cif,Nd1.85Ce0.15Cu0.98Ni0.02O4,0.0,new,Ce-Cu-Nd-Ni-O|Nd1.85Ce0.15Cu0.999Ni0.001O4,5,2,3,minority zero (2 zero vs 3 SC)
Ce0.12Cu1Nd1.88O4-MP-mp-4158-synth_doped.cif,Ce0.12Cu1Nd1.88O4,0.0,V45,Ce-Cu-Nd-O|Nd1.85Ce0.15Cu1O4.014,20,8,12,minority zero (8 zero vs 12 SC)
Ce0.13Cu1Nd1.87O4-MP-mp-4158-synth_doped.cif,Ce0.13Cu1Nd1.87O4,0.0,V45,Ce-Cu-Nd-O|Nd1.85Ce0.15Cu1O4.014,20,8,12,minority zero (8 zero vs 12 SC)
Ce0.18Cu1Nd1.82O4-MP-mp-4158-synth_doped.cif,Ce0.18Cu1Nd1.82O4,0.0,V45,Ce-Cu-Nd-O|Nd1.85Ce0.15Cu1O4.014,20,8,12,minority zero (8 zero vs 12 SC)
Ce0.1Cu1Nd1.9O4-MP-mp-4158-synth_doped.cif,Ce0.1Cu1Nd1.9O4,0.0,V45,Ce-Cu-Nd-O|Nd1.85Ce0.15Cu1O4.014,20,8,12,minority zero (8 zero vs 12 SC)
Nd1.89Ce0.11Cu1O3.97-MP-mp-4158.cif,Nd1.89Ce0.11Cu1O3.97,0.0,new,Ce-Cu-Nd-O|Nd1.85Ce0.15Cu1O4.014,20,8,12,minority zero (8 zero vs 12 SC)
Nd1.88Ce0.12Cu1O3.94-MP-mp-4158.cif,Nd1.88Ce0.12Cu1O3.94,0.0,new,Ce-Cu-Nd-O|Nd1.85Ce0.15Cu1O4.014,20,8,12,minority zero (8 zero vs 12 SC)
Nd1.85Ce0.15Cu1O4.064-MP-mp-662567.cif,Nd1.85Ce0.15Cu1O4.064,0.0,new,Ce-Cu-Nd-O|Nd1.85Ce0.15Cu1O4.014,20,8,12,minority zero (8 zero vs 12 SC)
Nd1.875Ce0.125CuO4-MP-icsd-39476.cif,Nd1.875Ce0.125CuO4,0.0,new,Ce-Cu-Nd-O|Nd1.85Ce0.15Cu1O4.014,20,8,12,minority zero (8 zero vs 12 SC)
Ce0.1Cu1Pr1.9O4-MP-mp-4181-synth_doped.cif,Ce0.1Cu1Pr1.9O4,0.0,V45,Ce-Cu-O-Pr|Ce0.09Cu1Pr1.91O4,3,1,2,minority zero (1 zero vs 2 SC)
Ce0.18Cu1Pr1.82O4-MP-mp-4181-synth_doped.cif,Ce0.18Cu1Pr1.82O4,0.0,V45,Ce-Cu-O-Pr|Ce0.17Cu1Pr1.83O4,4,1,3,minority zero (1 zero vs 3 SC)
Pr1.875Ce0.125CuO4-MP-mp-4181.cif,Pr1.875Ce0.125CuO4,0.0,new,Ce-Cu-O-Pr|Pr1.85Ce0.15Cu1O3.97,6,1,5,minority zero (1 zero vs 5 SC)
Ce0.09Cu1Sm1.91O4-MP-mp-4210-synth_doped.cif,Ce0.09Cu1Sm1.91O4,0.0,V45,Ce-Cu-O-Sm|Ce0.14Cu1Sm1.86O4,14,6,8,minority zero (6 zero vs 8 SC)
Ce0.11Cu1Sm1.89O4-MP-mp-4210-synth_doped.cif,Ce0.11Cu1Sm1.89O4,0.0,V45,Ce-Cu-O-Sm|Ce0.14Cu1Sm1.86O4,14,6,8,minority zero (6 zero vs 8 SC)
Ce0.13Cu1Sm1.87O4-MP-mp-4210-synth_doped.cif,Ce0.13Cu1Sm1.87O4,0.0,V45,Ce-Cu-O-Sm|Ce0.14Cu1Sm1.86O4,14,6,8,minority zero (6 zero vs 8 SC)
Ce0.17Cu1Sm1.83O4-MP-mp-4210-synth_doped.cif,Ce0.17Cu1Sm1.83O4,0.0,V45,Ce-Cu-O-Sm|Ce0.14Cu1Sm1.86O4,14,6,8,minority zero (6 zero vs 8 SC)
Ce0.19Cu1Sm1.81O4-MP-mp-4210-synth_doped.cif,Ce0.19Cu1Sm1.81O4,0.0,V45,Ce-Cu-O-Sm|Ce0.14Cu1Sm1.86O4,14,6,8,minority zero (6 zero vs 8 SC)
Ce0.21Cu1Sm1.79O4-MP-mp-4210-synth_doped.cif,Ce0.21Cu1Sm1.79O4,0.0,V45,Ce-Cu-O-Sm|Ce0.14Cu1Sm1.86O4,14,6,8,minority zero (6 zero vs 8 SC)
La1.83Sr0.17Cu0.94Co0.06O4-MP-mp-1077929.cif,La1.83Sr0.17Cu0.94Co0.06O4,0.0,new,Co-Cu-La-O-Sr|La1.75Sr0.25Cu0.94Co0.06O4,10,1,9,minority zero (1 zero vs 9 SC)
Ru1Sr1.9La0.1Eu1Cu2O8-MP-mp-1173178.cif,Ru1Sr1.9La0.1Eu1Cu2O8,0.0,new,Cu-Eu-La-O-Ru-Sr|Ru1Sr1.98La0.02Eu1Cu2O8,3,1,2,minority zero (1 zero vs 2 SC)
La1.67Sr0.33Cu0.94Fe0.06O4-MP-mp-1218244.cif,La1.67Sr0.33Cu0.94Fe0.06O4,0.0,new,Cu-Fe-La-O-Sr|La1.71Sr0.29Cu0.94Fe0.06O4,10,1,9,minority zero (1 zero vs 9 SC)
La1.85Sr0.15Cu0.973Fe0.027O4-MP-mp-1077929.cif,La1.85Sr0.15Cu0.973Fe0.027O4,0.0,new,Cu-Fe-La-O-Sr|La1.85Sr0.15Cu0.997Fe0.003O4,6,1,5,minority zero (1 zero vs 5 SC)
Cu2Fe1Sr2Y1O7.6-MP-mvc-771-synth_doped.cif,Cu2Fe1Sr2Y1O7.6,0.0,V45,Cu-Fe-O-Sr-Y|Cu2Fe1Sr2Y1O7.51,4,1,3,minority zero (1 zero vs 3 SC)
La1.83Sr0.17Cu0.98Ga0.02O4-MP-mp-1077929.cif,La1.83Sr0.17Cu0.98Ga0.02O4,0.0,new,Cu-Ga-La-O-Sr|La1.85Sr0.15Cu0.995Ga0.005O4,6,1,5,minority zero (1 zero vs 5 SC)
Cu2Gd1Ru0.9Sr2Ti0.1O8-MP-mp-1194240-synth_doped.cif,Cu2Gd1Ru0.9Sr2Ti0.1O8,0.0,V45,Cu-Gd-O-Ru-Sr-Ti|Cu2Gd1Ru0.97Sr2Ti0.03O8,5,1,4,minority zero (1 zero vs 4 SC)
La1.675Nd0.125Sr0.2Cu1O4-MP-mp-1077929.cif,La1.675Nd0.125Sr0.2Cu1O4,0.0,new,Cu-La-Nd-O-Sr|La1.715Nd0.125Sr0.16Cu1O4,15,2,13,minority zero (2 zero vs 13 SC)
La1.695Nd0.125Sr0.18Cu1O4-MP-mp-1077929.cif,La1.695Nd0.125Sr0.18Cu1O4,0.0,new,Cu-La-Nd-O-Sr|La1.715Nd0.125Sr0.16Cu1O4,15,2,13,minority zero (2 zero vs 13 SC)
La1.78Sr0.22Cu0.92Ni0.08O4-MP-mp-1077929.cif,La1.78Sr0.22Cu0.92Ni0.08O4,21.0,new,Cu-La-Ni-O-Sr|La1.75Sr0.25Cu0.94Ni0.06O4,58,29,29,minority sc (29 zero vs 29 SC)
La1.71Sr0.29Cu0.94Ni0.06O4-MP-mp-1077929.cif,La1.71Sr0.29Cu0.94Ni0.06O4,30.4,new,Cu-La-Ni-O-Sr|La1.75Sr0.25Cu0.94Ni0.06O4,58,29,29,minority sc (29 zero vs 29 SC)
La1.73Sr0.27Cu0.94Ni0.06O4-MP-mp-1077929.cif,La1.73Sr0.27Cu0.94Ni0.06O4,34.4,new,Cu-La-Ni-O-Sr|La1.75Sr0.25Cu0.94Ni0.06O4,58,29,29,minority sc (29 zero vs 29 SC)
La1.77Sr0.23Cu0.94Ni0.06O4-MP-mp-1077929.cif,La1.77Sr0.23Cu0.94Ni0.06O4,31.5,new,Cu-La-Ni-O-Sr|La1.75Sr0.25Cu0.94Ni0.06O4,58,29,29,minority sc (29 zero vs 29 SC)
La1.79Sr0.21Cu0.94Ni0.06O4-MP-mp-1077929.cif,La1.79Sr0.21Cu0.94Ni0.06O4,28.3,new,Cu-La-Ni-O-Sr|La1.75Sr0.25Cu0.94Ni0.06O4,58,29,29,minority sc (29 zero vs 29 SC)
La1.81Sr0.19Cu0.94Ni0.06O4-MP-mp-1077929.cif,La1.81Sr0.19Cu0.94Ni0.06O4,26.4,new,Cu-La-Ni-O-Sr|La1.75Sr0.25Cu0.94Ni0.06O4,58,29,29,minority sc (29 zero vs 29 SC)
La1.75Sr0.25Cu0.94Ni0.06O4-MP-mp-1077929.cif,La1.75Sr0.25Cu0.94Ni0.06O4,36.5,new,Cu-La-Ni-O-Sr|La1.75Sr0.25Cu0.94Ni0.06O4,58,29,29,minority sc (29 zero vs 29 SC)
La1.78Sr0.22Cu0.95Ni0.05O4-MP-mp-1077929.cif,La1.78Sr0.22Cu0.95Ni0.05O4,2.05,new,Cu-La-Ni-O-Sr|La1.75Sr0.25Cu0.94Ni0.06O4,58,29,29,minority sc (29 zero vs 29 SC)
La1.8Sr0.2Cu0.95Ni0.05O4-MP-mp-1077929.cif,La1.8Sr0.2Cu0.95Ni0.05O4,10.5,new,Cu-La-Ni-O-Sr|La1.75Sr0.25Cu0.94Ni0.06O4,58,29,29,minority sc (29 zero vs 29 SC)
La1.85Sr0.15Cu0.95Ni0.05O4-MP-mp-1077929.cif,La1.85Sr0.15Cu0.95Ni0.05O4,2.1,new,Cu-La-Ni-O-Sr|La1.75Sr0.25Cu0.94Ni0.06O4,58,29,29,minority sc (29 zero vs 29 SC)
La1.8Sr0.2Cu0.96Ni0.04O4-MP-mp-1077929.cif,La1.8Sr0.2Cu0.96Ni0.04O4,4.925,new,Cu-La-Ni-O-Sr|La1.75Sr0.25Cu0.94Ni0.06O4,58,29,29,minority sc (29 zero vs 29 SC)
La1.83Sr0.17Cu0.96Ni0.04O4-MP-mp-1077929.cif,La1.83Sr0.17Cu0.96Ni0.04O4,7.233333333,new,Cu-La-Ni-O-Sr|La1.75Sr0.25Cu0.94Ni0.06O4,58,29,29,minority sc (29 zero vs 29 SC)
La1.85Sr0.15Cu0.96Ni0.04O4-MP-mp-1077929.cif,La1.85Sr0.15Cu0.96Ni0.04O4,3.2005,new,Cu-La-Ni-O-Sr|La1.75Sr0.25Cu0.94Ni0.06O4,58,29,29,minority sc (29 zero vs 29 SC)
La1.85Sr0.15Cu0.966Ni0.034O4-MP-mp-1077929.cif,La1.85Sr0.15Cu0.966Ni0.034O4,9.4,new,Cu-La-Ni-O-Sr|La1.75Sr0.25Cu0.94Ni0.06O4,58,29,29,minority sc (29 zero vs 29 SC)
La1.83Sr0.17Cu0.97Ni0.03O4-MP-mp-1077929.cif,La1.83Sr0.17Cu0.97Ni0.03O4,14.8,new,Cu-La-Ni-O-Sr|La1.75Sr0.25Cu0.94Ni0.06O4,58,29,29,minority sc (29 zero vs 29 SC)
La1.84Sr0.16Cu0.975Ni0.025O4-MP-mp-1077929.cif,La1.84Sr0.16Cu0.975Ni0.025O4,7.5,new,Cu-La-Ni-O-Sr|La1.75Sr0.25Cu0.94Ni0.06O4,58,29,29,minority sc (29 zero vs 29 SC)
La1.85Sr0.15Cu0.971Ni0.029O4-MP-mp-1077929.cif,La1.85Sr0.15Cu0.971Ni0.029O4,13.975,new,Cu-La-Ni-O-Sr|La1.75Sr0.25Cu0.94Ni0.06O4,58,29,29,minority sc (29 zero vs 29 SC)
La1.77Sr0.23Cu0.99Ni0.01O4-MP-mp-1077929.cif,La1.77Sr0.23Cu0.99Ni0.01O4,18.0,new,Cu-La-Ni-O-Sr|La1.75Sr0.25Cu0.94Ni0.06O4,58,29,29,minority sc (29 zero vs 29 SC)
La1.83Sr0.17Cu0.99Ni0.01O4-MP-mp-1077929.cif,La1.83Sr0.17Cu0.99Ni0.01O4,30.1,new,Cu-La-Ni-O-Sr|La1.75Sr0.25Cu0.94Ni0.06O4,58,29,29,minority sc (29 zero vs 29 SC)
La1.825Sr0.175Cu0.985Ni0.015O4-MP-mp-1077929.cif,La1.825Sr0.175Cu0.985Ni0.015O4,25.0,new,Cu-La-Ni-O-Sr|La1.75Sr0.25Cu0.94Ni0.06O4,58,29,29,minority sc (29 zero vs 29 SC)
La1.84Sr0.16Cu0.985Ni0.015O4-MP-mp-1077929.cif,La1.84Sr0.16Cu0.985Ni0.015O4,12.5,new,Cu-La-Ni-O-Sr|La1.75Sr0.25Cu0.94Ni0.06O4,58,29,29,minority sc (29 zero vs 29 SC)
La1.85Sr0.15Cu0.99Ni0.01O4-MP-mp-1077929.cif,La1.85Sr0.15Cu0.99Ni0.01O4,30.675,new,Cu-La-Ni-O-Sr|La1.75Sr0.25Cu0.94Ni0.06O4,58,29,29,minority sc (29 zero vs 29 SC)
La1.85Sr0.15Cu0.985Ni0.015O4-MP-mp-1077929.cif,La1.85Sr0.15Cu0.985Ni0.015O4,27.8,new,Cu-La-Ni-O-Sr|La1.75Sr0.25Cu0.94Ni0.06O4,58,29,29,minority sc (29 zero vs 29 SC)
La1.855Sr0.145Cu0.99Ni0.01O4-MP-mp-1077929.cif,La1.855Sr0.145Cu0.99Ni0.01O4,33.0,new,Cu-La-Ni-O-Sr|La1.75Sr0.25Cu0.94Ni0.06O4,58,29,29,minority sc (29 zero vs 29 SC)
La1.775Sr0.225Cu0.995Ni0.005O4-MP-mp-1077929.cif,La1.775Sr0.225Cu0.995Ni0.005O4,21.0,new,Cu-La-Ni-O-Sr|La1.75Sr0.25Cu0.94Ni0.06O4,58,29,29,minority sc (29 zero vs 29 SC)
La1.835Sr0.165Cu0.995Ni0.005O4-MP-mp-1077929.cif,La1.835Sr0.165Cu0.995Ni0.005O4,33.0,new,Cu-La-Ni-O-Sr|La1.75Sr0.25Cu0.94Ni0.06O4,58,29,29,minority sc (29 zero vs 29 SC)
La1.85Sr0.15Cu0.993Ni0.007O4-MP-mp-1077929.cif,La1.85Sr0.15Cu0.993Ni0.007O4,32.6,new,Cu-La-Ni-O-Sr|La1.75Sr0.25Cu0.94Ni0.06O4,58,29,29,minority sc (29 zero vs 29 SC)
La1.83Sr0.17Cu0.98Ni0.02O4-MP-mp-1077929.cif,La1.83Sr0.17Cu0.98Ni0.02O4,22.45,new,Cu-La-Ni-O-Sr|La1.75Sr0.25Cu0.94Ni0.06O4,58,29,29,minority sc (29 zero vs 29 SC)
La1.85Sr0.15Cu0.982Ni0.018O4-MP-mp-1077929.cif,La1.85Sr0.15Cu0.982Ni0.018O4,22.5,new,Cu-La-Ni-O-Sr|La1.75Sr0.25Cu0.94Ni0.06O4,58,29,29,minority sc (29 zero vs 29 SC)
La1.9Sr0.1Cu0.975Ni0.025O4-MP-mp-1077929.cif,La1.9Sr0.1Cu0.975Ni0.025O4,3.65,new,Cu-La-Ni-O-Sr|La1.9Sr0.1Cu0.99Ni0.01O4,8,5,3,minority sc (5 zero vs 3 SC)
La1.9Sr0.1Cu0.99Ni0.01O4-MP-mp-1077929.cif,La1.9Sr0.1Cu0.99Ni0.01O4,12.3,new,Cu-La-Ni-O-Sr|La1.9Sr0.1Cu0.99Ni0.01O4,8,5,3,minority sc (5 zero vs 3 SC)
La1.92Sr0.08Cu0.99Ni0.01O4-MP-mp-1077929.cif,La1.92Sr0.08Cu0.99Ni0.01O4,0.001,new,Cu-La-Ni-O-Sr|La1.9Sr0.1Cu0.99Ni0.01O4,8,5,3,minority sc (5 zero vs 3 SC)
La1.77Sr0.23Cu0.96Ru0.04O4-MP-mp-1077929.cif,La1.77Sr0.23Cu0.96Ru0.04O4,0.0,new,Cu-La-O-Ru-Sr|La1.83Sr0.17Cu0.99Ru0.01O4,17,1,16,minority zero (1 zero vs 16 SC)
La1.85Sr0.15Cu0.94Ti0.06O4-MP-mp-1077929.cif,La1.85Sr0.15Cu0.94Ti0.06O4,0.0,new,Cu-La-O-Sr-Ti|La1.85Sr0.15Cu0.98Ti0.02O4,3,1,2,minority zero (1 zero vs 2 SC)
La1.84Sr0.16Cu0.95Zn0.05O4-MP-mp-1077929.cif,La1.84Sr0.16Cu0.95Zn0.05O4,0.0,new,Cu-La-O-Sr-Zn|La1.85Sr0.15Cu0.9975Zn0.0025O4,61,16,45,minority zero (16 zero vs 45 SC)
La1.85Sr0.15Cu0.95Zn0.05O4-MP-mp-1077929.cif,La1.85Sr0.15Cu0.95Zn0.05O4,0.0,new,Cu-La-O-Sr-Zn|La1.85Sr0.15Cu0.9975Zn0.0025O4,61,16,45,minority zero (16 zero vs 45 SC)
La1.78Sr0.22Cu0.96Zn0.04O4-MP-mp-532700.cif,La1.78Sr0.22Cu0.96Zn0.04O4,0.0,new,Cu-La-O-Sr-Zn|La1.85Sr0.15Cu0.9975Zn0.0025O4,61,16,45,minority zero (16 zero vs 45 SC)
La1.84Sr0.16Cu0.96Zn0.04O4-MP-mp-1077929.cif,La1.84Sr0.16Cu0.96Zn0.04O4,0.0,new,Cu-La-O-Sr-Zn|La1.85Sr0.15Cu0.9975Zn0.0025O4,61,16,45,minority zero (16 zero vs 45 SC)
La1.85Sr0.15Cu0.96Zn0.04O4-MP-mp-1077929.cif,La1.85Sr0.15Cu0.96Zn0.04O4,0.0,new,Cu-La-O-Sr-Zn|La1.85Sr0.15Cu0.9975Zn0.0025O4,61,16,45,minority zero (16 zero vs 45 SC)
La1.85Sr0.15Cu0.963Zn0.037O4-MP-mp-1077929.cif,La1.85Sr0.15Cu0.963Zn0.037O4,0.0,new,Cu-La-O-Sr-Zn|La1.85Sr0.15Cu0.9975Zn0.0025O4,61,16,45,minority zero (16 zero vs 45 SC)
La1.86Sr0.14Cu0.99Zn0.01O4-MP-mp-1077929.cif,La1.86Sr0.14Cu0.99Zn0.01O4,0.0,new,Cu-La-O-Sr-Zn|La1.85Sr0.15Cu0.9975Zn0.0025O4,61,16,45,minority zero (16 zero vs 45 SC)
La1.86Sr0.14Cu0.985Zn0.015O4-MP-mp-1077929.cif,La1.86Sr0.14Cu0.985Zn0.015O4,0.0,new,Cu-La-O-Sr-Zn|La1.85Sr0.15Cu0.9975Zn0.0025O4,61,16,45,minority zero (16 zero vs 45 SC)
La1.82Sr0.18Cu0.985Zn0.015O4-MP-mp-1077929.cif,La1.82Sr0.18Cu0.985Zn0.015O4,0.0,new,Cu-La-O-Sr-Zn|La1.85Sr0.15Cu0.9975Zn0.0025O4,61,16,45,minority zero (16 zero vs 45 SC)
La1.84Sr0.16Cu0.995Zn0.005O4-MP-mp-1077929.cif,La1.84Sr0.16Cu0.995Zn0.005O4,0.0,new,Cu-La-O-Sr-Zn|La1.85Sr0.15Cu0.9975Zn0.0025O4,61,16,45,minority zero (16 zero vs 45 SC)
La1.86Sr0.14Cu0.994Zn0.006O4-MP-mp-1077929.cif,La1.86Sr0.14Cu0.994Zn0.006O4,0.0,new,Cu-La-O-Sr-Zn|La1.85Sr0.15Cu0.9975Zn0.0025O4,61,16,45,minority zero (16 zero vs 45 SC)
La1.84Sr0.16Cu0.9975Zn0.0025O4-MP-mp-1077929.cif,La1.84Sr0.16Cu0.9975Zn0.0025O4,0.0,new,Cu-La-O-Sr-Zn|La1.85Sr0.15Cu0.9975Zn0.0025O4,61,16,45,minority zero (16 zero vs 45 SC)
La1.86Sr0.14Cu0.9975Zn0.0025O4-MP-mp-1077929.cif,La1.86Sr0.14Cu0.9975Zn0.0025O4,0.0,new,Cu-La-O-Sr-Zn|La1.85Sr0.15Cu0.9975Zn0.0025O4,61,16,45,minority zero (16 zero vs 45 SC)
La1.87Sr0.13Cu0.98Zn0.02O4-MP-mp-1077929.cif,La1.87Sr0.13Cu0.98Zn0.02O4,0.0,new,Cu-La-O-Sr-Zn|La1.85Sr0.15Cu0.9975Zn0.0025O4,61,16,45,minority zero (16 zero vs 45 SC)
La1.885Sr0.115Cu0.98Zn0.02O4-MP-mp-1077929.cif,La1.885Sr0.115Cu0.98Zn0.02O4,0.0,new,Cu-La-O-Sr-Zn|La1.85Sr0.15Cu0.9975Zn0.0025O4,61,16,45,minority zero (16 zero vs 45 SC)
La1.875Sr0.125Cu0.99Zn0.01O4-MP-icsd-41494.cif,La1.875Sr0.125Cu0.99Zn0.01O4,0.0,new,Cu-La-O-Sr-Zn|La1.85Sr0.15Cu0.9975Zn0.0025O4,61,16,45,minority zero (16 zero vs 45 SC)
La1.67Sr0.33Cu1O4-MP-mp-1218244.cif,La1.67Sr0.33Cu1O4,37.0,new,Cu-La-O-Sr|La1.67Sr0.33Cu1O4,4,3,1,minority sc (3 zero vs 1 SC)
Cu1La1.795Sr0.205O4-MP-mp-1077929-synth_doped.cif,Cu1La1.795Sr0.205O4,0.0,V45,Cu-La-O-Sr|La1.98Sr0.02Cu1O4.09,78,18,60,minority zero (18 zero vs 60 SC)
Cu1La1.945Sr0.055O4-MP-mp-1077929-synth_doped.cif,Cu1La1.945Sr0.055O4,0.0,V45,Cu-La-O-Sr|La1.98Sr0.02Cu1O4.09,78,18,60,minority zero (18 zero vs 60 SC)
Cu1La1.955Sr0.045O4-MP-mp-1077929-synth_doped.cif,Cu1La1.955Sr0.045O4,0.0,V45,Cu-La-O-Sr|La1.98Sr0.02Cu1O4.09,78,18,60,minority zero (18 zero vs 60 SC)
Cu1La1.962Sr0.038O4-MP-mp-1077929-synth_doped.cif,Cu1La1.962Sr0.038O4,0.0,V45,Cu-La-O-Sr|La1.98Sr0.02Cu1O4.09,78,18,60,minority zero (18 zero vs 60 SC)
Cu1La1.964Sr0.036O4-MP-mp-1077929-synth_doped.cif,Cu1La1.964Sr0.036O4,0.0,V45,Cu-La-O-Sr|La1.98Sr0.02Cu1O4.09,78,18,60,minority zero (18 zero vs 60 SC)
Cu1La1.975Sr0.025O4-MP-mp-1077929-synth_doped.cif,Cu1La1.975Sr0.025O4,0.0,V45,Cu-La-O-Sr|La1.98Sr0.02Cu1O4.09,78,18,60,minority zero (18 zero vs 60 SC)
Cu1La1.983Sr0.017O4-MP-mp-1077929-synth_doped.cif,Cu1La1.983Sr0.017O4,0.0,V45,Cu-La-O-Sr|La1.98Sr0.02Cu1O4.09,78,18,60,minority zero (18 zero vs 60 SC)
Cu1La1.98Sr0.02O4-MP-mp-1077929-synth_doped.cif,Cu1La1.98Sr0.02O4,0.0,V45,Cu-La-O-Sr|La1.98Sr0.02Cu1O4.09,78,18,60,minority zero (18 zero vs 60 SC)
Cu1La1.99Sr0.01O4-MP-mp-1077929-synth_doped.cif,Cu1La1.99Sr0.01O4,0.0,V45,Cu-La-O-Sr|La1.98Sr0.02Cu1O4.09,78,18,60,minority zero (18 zero vs 60 SC)
La1.95Sr0.05Cu1O4.02-MP-mp-757399.cif,La1.95Sr0.05Cu1O4.02,0.0,new,Cu-La-O-Sr|La1.98Sr0.02Cu1O4.09,78,18,60,minority zero (18 zero vs 60 SC)
La1.73Sr0.27Cu1O3.99-MP-mp-1077929.cif,La1.73Sr0.27Cu1O3.99,0.0,new,Cu-La-O-Sr|La1.98Sr0.02Cu1O4.09,78,18,60,minority zero (18 zero vs 60 SC)
La1.79Sr0.21Cu1O3.99-MP-mp-1077929.cif,La1.79Sr0.21Cu1O3.99,0.0,new,Cu-La-O-Sr|La1.98Sr0.02Cu1O4.09,78,18,60,minority zero (18 zero vs 60 SC)
La1.75Sr0.25Cu1O3.99-MP-mp-1077929.cif,La1.75Sr0.25Cu1O3.99,0.0,new,Cu-La-O-Sr|La1.98Sr0.02Cu1O4.09,78,18,60,minority zero (18 zero vs 60 SC)
La1.95Sr0.05Cu1O3.98-MP-mp-1077929.cif,La1.95Sr0.05Cu1O3.98,0.0,new,Cu-La-O-Sr|La1.98Sr0.02Cu1O4.09,78,18,60,minority zero (18 zero vs 60 SC)
La1.96Sr0.04Cu1O4.002-MP-mp-757399.cif,La1.96Sr0.04Cu1O4.002,0.0,new,Cu-La-O-Sr|La1.98Sr0.02Cu1O4.09,78,18,60,minority zero (18 zero vs 60 SC)
La1.82Sr0.18Cu1O3.957-MP-mp-1077929.cif,La1.82Sr0.18Cu1O3.957,0.0,new,Cu-La-O-Sr|La1.98Sr0.02Cu1O4.09,78,18,60,minority zero (18 zero vs 60 SC)
La1.81Sr0.19Cu1O3.949-MP-mp-1077929.cif,La1.81Sr0.19Cu1O3.949,0.0,new,Cu-La-O-Sr|La1.98Sr0.02Cu1O4.09,78,18,60,minority zero (18 zero vs 60 SC)
La1.83Sr0.17CuO4-MP-icsd-41494.cif,La1.83Sr0.17CuO4,0.0,new,Cu-La-O-Sr|La1.98Sr0.02Cu1O4.09,78,18,60,minority zero (18 zero vs 60 SC)
La2Cu0.95Zn0.05O4.106-MP-mp-757399.cif,La2Cu0.95Zn0.05O4.106,0.0,new,Cu-La-O-Zn|La2Cu0.99Zn0.01O4.099,5,2,3,minority zero (2 zero vs 3 SC)
La2Cu0.96Zn0.04O4.105-MP-mp-757399.cif,La2Cu0.96Zn0.04O4.105,0.0,new,Cu-La-O-Zn|La2Cu0.99Zn0.01O4.099,5,2,3,minority zero (2 zero vs 3 SC)
Cu1La2O4-MP-mp-1077929.cif,Cu1La2O4,0.0,V45,Cu-La-O|Cu1La2O4.086,33,11,22,minority zero (11 zero vs 22 SC)
Cu1La2O4.003-MP-mp-1077929-synth_doped.cif,Cu1La2O4.003,0.0,V45,Cu-La-O|Cu1La2O4.086,33,11,22,minority zero (11 zero vs 22 SC)
Cu1La2O4.011-MP-mp-1077929-synth_doped.cif,Cu1La2O4.011,0.0,V45,Cu-La-O|Cu1La2O4.086,33,11,22,minority zero (11 zero vs 22 SC)
Cu1La2O4.015-MP-mp-1077929-synth_doped.cif,Cu1La2O4.015,0.0,V45,Cu-La-O|Cu1La2O4.086,33,11,22,minority zero (11 zero vs 22 SC)
Cu1La2O4.02-MP-mp-1077929-synth_doped.cif,Cu1La2O4.02,0.0,V45,Cu-La-O|Cu1La2O4.086,33,11,22,minority zero (11 zero vs 22 SC)
Cu1La2O4.052-MP-mp-1077929-synth_doped.cif,Cu1La2O4.052,0.0,V45,Cu-La-O|Cu1La2O4.086,33,11,22,minority zero (11 zero vs 22 SC)
Cu1La2O4.056-MP-mp-1077929-synth_doped.cif,Cu1La2O4.056,0.0,V45,Cu-La-O|Cu1La2O4.086,33,11,22,minority zero (11 zero vs 22 SC)
Cu1La2O4.1-MP-mp-1077929-synth_doped.cif,Cu1La2O4.1,0.0,V45,Cu-La-O|Cu1La2O4.086,33,11,22,minority zero (11 zero vs 22 SC)
Cu1La2O4.18-MP-mp-1077929-synth_doped.cif,Cu1La2O4.18,0.0,V45,Cu-La-O|Cu1La2O4.086,33,11,22,minority zero (11 zero vs 22 SC)
Cu1La2O4.2-MP-mp-1077929-synth_doped.cif,Cu1La2O4.2,0.0,V45,Cu-La-O|Cu1La2O4.086,33,11,22,minority zero (11 zero vs 22 SC)
La2Cu1O3.97-MP-mp-1077929.cif,La2Cu1O3.97,0.0,new,Cu-La-O|Cu1La2O4.086,33,11,22,minority zero (11 zero vs 22 SC)
Cu0.03Ru0.97Sr2Y1O6-MP-mp-14430-synth_doped.cif,Cu0.03Ru0.97Sr2Y1O6,0.0,V45,Cu-O-Ru-Sr-Y|Cu0.05Ru0.95Sr2Y1O6,3,1,2,minority zero (1 zero vs 2 SC)
Y1Sr2Cu2.7Ti0.3O7.098-MP-mp-1046189.cif,Y1Sr2Cu2.7Ti0.3O7.098,0.0,new,Cu-O-Sr-Ti-Y|Y1Sr2Cu2.675Ti0.325O7.1,6,2,4,minority zero (2 zero vs 4 SC)
Y1Sr2Cu2.7Ti0.3O7.123-MP-mp-1046189.cif,Y1Sr2Cu2.7Ti0.3O7.123,0.0,new,Cu-O-Sr-Ti-Y|Y1Sr2Cu2.675Ti0.325O7.1,6,2,4,minority zero (2 zero vs 4 SC)
