id,formula,tc,origin,cluster,action
Ca1Fe1.94Co0.06As2-MP-mp-1068300.cif,Ca1Fe1.94Co0.06As2,15.5,new,As-Ca-Co-Fe|Ca1Fe1.94Co0.06As2,"1-vs-1 zero-vs-SC conflict: both dropped (user, 2026-09-14)"
Ca1Fe1.936Co0.064As2-MP-mp-1068300.cif,Ca1Fe1.936Co0.064As2,0.0,new,As-Ca-Co-Fe|Ca1Fe1.94Co0.06As2,"1-vs-1 zero-vs-SC conflict: both dropped (user, 2026-09-14)"
Ca0.891La0.109Fe2As2-MP-mp-1068300.cif,Ca0.891La0.109Fe2As2,45.4,new,As-Ca-Fe-La|Ca0.891La0.109Fe2As2,"1-vs-1 zero-vs-SC conflict: both dropped (user, 2026-09-14)"
Ca0.895La0.105Fe2As2-MP-mp-1068300.cif,Ca0.895La0.105Fe2As2,0.0,new,As-Ca-Fe-La|Ca0.891La0.109Fe2As2,"1-vs-1 zero-vs-SC conflict: both dropped (user, 2026-09-14)"
La1.7Nd0.15Ca0.056Ba0.094Cu1O4.02-MP-mp-757399.cif,La1.7Nd0.15Ca0.056Ba0.094Cu1O4.02,0.0,new,Ba-Ca-Cu-La-Nd-O|La1.7Nd0.15Ca0.056Ba0.094Cu1O4,"1-vs-1 zero-vs-SC conflict: both dropped (user, 2026-09-14)"
La1.7Nd0.15Ca0.056Ba0.094Cu1O4-MP-mp-1077929.cif,La1.7Nd0.15Ca0.056Ba0.094Cu1O4,16.0,new,Ba-Ca-Cu-La-Nd-O|La1.7Nd0.15Ca0.056Ba0.094Cu1O4,"1-vs-1 zero-vs-SC conflict: both dropped (user, 2026-09-14)"
La1.5Y0.5Ba2Ca1Cu5O11.86-MP-icsd-63321.cif,La1.5Y0.5Ba2Ca1Cu5O11.86,0.0,new,Ba-Ca-Cu-La-O-Y|La2.1Y0.7Ca1.4Ba2.8Cu7O16.433,"1-vs-1 zero-vs-SC conflict: both dropped (user, 2026-09-14)"
La2.1Y0.7Ca1.4Ba2.8Cu7O16.433-MP-icsd-63321.cif,La2.1Y0.7Ca1.4Ba2.8Cu7O16.433,79.0,new,Ba-Ca-Cu-La-O-Y|La2.1Y0.7Ca1.4Ba2.8Cu7O16.433,"1-vs-1 zero-vs-SC conflict: both dropped (user, 2026-09-14)"
Y1Ba2Cu2.8Co0.2O6.83-MP-mp-20674.cif,Y1Ba2Cu2.8Co0.2O6.83,53.0,new,Ba-Co-Cu-O-Y|Y1Ba2Cu2.8Co0.2O6.83,"1-vs-1 zero-vs-SC conflict: both dropped (user, 2026-09-14)"
Y1Ba2Cu2.8Co0.2O6.9-MP-mp-1228425.cif,Y1Ba2Cu2.8Co0.2O6.9,0.0,new,Ba-Co-Cu-O-Y|Y1Ba2Cu2.8Co0.2O6.83,"1-vs-1 zero-vs-SC conflict: both dropped (user, 2026-09-14)"
Er1Ba1Sr1Cu3O6.94-MP-mp-1227765.cif,Er1Ba1Sr1Cu3O6.94,78.0,new,Ba-Cu-Er-O-Sr|Er1Ba1Sr1Cu3O6.94,"1-vs-1 zero-vs-SC conflict: both dropped (user, 2026-09-14)"
ErBaSrCu3O7-MP-icsd-63405.cif,ErBaSrCu3O7,0.0,new,Ba-Cu-Er-O-Sr|Er1Ba1Sr1Cu3O6.94,"1-vs-1 zero-vs-SC conflict: both dropped (user, 2026-09-14)"
Y1Ba2Cu3F1.46O6-MP-icsd-63321.cif,Y1Ba2Cu3F1.46O6,55.0,new,Ba-Cu-F-O-Y|Y1Ba2Cu3F1.46O6,"1-vs-1 zero-vs-SC conflict: both dropped (user, 2026-09-14)"
Y1Ba2Cu3F1.5O6-MP-icsd-63321.cif,Y1Ba2Cu3F1.5O6,0.0,new,Ba-Cu-F-O-Y|Y1Ba2Cu3F1.46O6,"1-vs-1 zero-vs-SC conflict: both dropped (user, 2026-09-14)"
YBa2(Cu0.87Fe0.13)3O7.14-MP-icsd-63321.cif,YBa2(Cu0.87Fe0.13)3O7.14,0.0,new,Ba-Cu-Fe-O-Y|Y1Ba2Cu2.64Fe0.36O7.12,"1-vs-1 zero-vs-SC conflict: both dropped (user, 2026-09-14)"
Y1Ba2Cu2.64Fe0.36O7.12-MP-icsd-63321.cif,Y1Ba2Cu2.64Fe0.36O7.12,32.0,new,Ba-Cu-Fe-O-Y|Y1Ba2Cu2.64Fe0.36O7.12,"1-vs-1 zero-vs-SC conflict: both dropped (user, 2026-09-14)"
Y1Ba2Cu2.6Fe0.4O7.024-MP-icsd-63321.cif,Y1Ba2Cu2.6Fe0.4O7.024,0.0,new,Ba-Cu-Fe-O-Y|Y1Ba2Cu2.6Fe0.4O7,"1-vs-1 zero-vs-SC conflict: both dropped (user, 2026-09-14)"
Y1Ba2Cu2.6Fe0.4O7-MP-mp-1228213.cif,Y1Ba2Cu2.6Fe0.4O7,31.0,new,Ba-Cu-Fe-O-Y|Y1Ba2Cu2.6Fe0.4O7,"1-vs-1 zero-vs-SC conflict: both dropped (user, 2026-09-14)"
Y1Ba2Cu3.76Fe0.24O8-MP-mp-6790.cif,Y1Ba2Cu3.76Fe0.24O8,0.0,new,Ba-Cu-Fe-O-Y|Y1Ba2Cu3.8Fe0.2O8,"1-vs-1 zero-vs-SC conflict: both dropped (user, 2026-09-14)"
Y1Ba2Cu3.8Fe0.2O8-MP-mp-6790.cif,Y1Ba2Cu3.8Fe0.2O8,64.0,new,Ba-Cu-Fe-O-Y|Y1Ba2Cu3.8Fe0.2O8,"1-vs-1 zero-vs-SC conflict: both dropped (user, 2026-09-14)"
Nd1Ba2Cu3O6.13-MP-mp-1228184.cif,Nd1Ba2Cu3O6.13,0.0,new,Ba-Cu-Nd-O|Nd1Ba2Cu3O6.09,"1-vs-1 zero-vs-SC conflict: both dropped (user, 2026-09-14)"
Nd1Ba2Cu3O6.09-MP-mp-1228184.cif,Nd1Ba2Cu3O6.09,90.5,new,Ba-Cu-Nd-O|Nd1Ba2Cu3O6.09,"1-vs-1 zero-vs-SC conflict: both dropped (user, 2026-09-14)"
Nd1Ba2Cu3O6.3-MP-mp-1228184.cif,Nd1Ba2Cu3O6.3,0.0,new,Ba-Cu-Nd-O|Nd1Ba2Cu3O6.23,"1-vs-1 zero-vs-SC conflict: both dropped (user, 2026-09-14)"
Nd1Ba2Cu3O6.23-MP-mp-1228184.cif,Nd1Ba2Cu3O6.23,60.5,new,Ba-Cu-Nd-O|Nd1Ba2Cu3O6.23,"1-vs-1 zero-vs-SC conflict: both dropped (user, 2026-09-14)"
Y1Ba2Cu2.7Ni0.3O7-MP-mp-20674.cif,Y1Ba2Cu2.7Ni0.3O7,0.0,new,Ba-Cu-Ni-O-Y|Y1Ba2Cu2.72Ni0.28O7,"1-vs-1 zero-vs-SC conflict: both dropped (user, 2026-09-14)"
Y1Ba2Cu2.72Ni0.28O7-MP-mp-20674.cif,Y1Ba2Cu2.72Ni0.28O7,51.0,new,Ba-Cu-Ni-O-Y|Y1Ba2Cu2.72Ni0.28O7,"1-vs-1 zero-vs-SC conflict: both dropped (user, 2026-09-14)"
Y0.35Pr0.65Ba1Sr1Cu3O6.9-MP-mp-1228182.cif,Y0.35Pr0.65Ba1Sr1Cu3O6.9,20.3,new,Ba-Cu-O-Pr-Sr-Y|Y0.35Pr0.65Ba1Sr1Cu3O6.9,"1-vs-1 zero-vs-SC conflict: both dropped (user, 2026-09-14)"
Y0.35Pr0.65Ba1Sr1Cu3O6.95-MP-mp-1228182.cif,Y0.35Pr0.65Ba1Sr1Cu3O6.95,0.0,new,Ba-Cu-O-Pr-Sr-Y|Y0.35Pr0.65Ba1Sr1Cu3O6.9,"1-vs-1 zero-vs-SC conflict: both dropped (user, 2026-09-14)"
Y0.3Pr0.7Ba1Sr1Cu3O6.95-MP-mp-1227458.cif,Y0.3Pr0.7Ba1Sr1Cu3O6.95,14.0,new,Ba-Cu-O-Pr-Sr-Y|Y0.3Pr0.7Ba1Sr1Cu3O6.95,"1-vs-1 zero-vs-SC conflict: both dropped (user, 2026-09-14)"
Y0.3Pr0.7Ba1Sr1Cu3O6.9-MP-mp-1227458.cif,Y0.3Pr0.7Ba1Sr1Cu3O6.9,0.0,new,Ba-Cu-O-Pr-Sr-Y|Y0.3Pr0.7Ba1Sr1Cu3O6.95,"1-vs-1 zero-vs-SC conflict: both dropped (user, 2026-09-14)"
Y0.5Pr0.5Ba1Sr1Cu3O6.9-MP-mp-1228182.cif,Y0.5Pr0.5Ba1Sr1Cu3O6.9,36.0,new,Ba-Cu-O-Pr-Sr-Y|Y0.5Pr0.5Ba1Sr1Cu3O6.9,"1-vs-1 zero-vs-SC conflict: both dropped (user, 2026-09-14)"
Y0.5Pr0.5Ba1Sr1Cu3O6.95-MP-mp-1228182.cif,Y0.5Pr0.5Ba1Sr1Cu3O6.95,0.0,new,Ba-Cu-O-Pr-Sr-Y|Y0.5Pr0.5Ba1Sr1Cu3O6.9,"1-vs-1 zero-vs-SC conflict: both dropped (user, 2026-09-14)"
Y0.6Pr0.4Ba1Sr1Cu3O6.89-MP-mp-1228182.cif,Y0.6Pr0.4Ba1Sr1Cu3O6.89,56.75,new,Ba-Cu-O-Pr-Sr-Y|Y0.6Pr0.4Ba1Sr1Cu3O6.89,"1-vs-1 zero-vs-SC conflict: both dropped (user, 2026-09-14)"
Y0.6Pr0.4Ba1Sr1Cu3O6.95-MP-mp-1228182.cif,Y0.6Pr0.4Ba1Sr1Cu3O6.95,0.0,new,Ba-Cu-O-Pr-Sr-Y|Y0.6Pr0.4Ba1Sr1Cu3O6.89,"1-vs-1 zero-vs-SC conflict: both dropped (user, 2026-09-14)"
Y0.8Pr0.2Ba1Sr1Cu3O6.9-MP-mp-1228182.cif,Y0.8Pr0.2Ba1Sr1Cu3O6.9,79.4,new,Ba-Cu-O-Pr-Sr-Y|Y0.8Pr0.2Ba1Sr1Cu3O6.9,"1-vs-1 zero-vs-SC conflict: both dropped (user, 2026-09-14)"
Y0.8Pr0.2Ba1Sr1Cu3O6.95-MP-mp-1228182.cif,Y0.8Pr0.2Ba1Sr1Cu3O6.95,0.0,new,Ba-Cu-O-Pr-Sr-Y|Y0.8Pr0.2Ba1Sr1Cu3O6.9,"1-vs-1 zero-vs-SC conflict: both dropped (user, 2026-09-14)"
Sm1Ba1Sr1Cu3O6.94-MP-mp-1227474.cif,Sm1Ba1Sr1Cu3O6.94,80.0,new,Ba-Cu-O-Sm-Sr|Sm1Ba1Sr1Cu3O6.94,"1-vs-1 zero-vs-SC conflict: both dropped (user, 2026-09-14)"
SmBaSrCu3O7-MP-icsd-68194.cif,SmBaSrCu3O7,0.0,new,Ba-Cu-O-Sm-Sr|Sm1Ba1Sr1Cu3O6.94,"1-vs-1 zero-vs-SC conflict: both dropped (user, 2026-09-14)"
Y1Ba1.68Sr0.32Cu4O8-MP-mp-1227433.cif,Y1Ba1.68Sr0.32Cu4O8,0.0,new,Ba-Cu-O-Sr-Y|Y1Ba1.65Sr0.35Cu4O8,"1-vs-1 zero-vs-SC conflict: both dropped (user, 2026-09-14)"
Y1Ba1.65Sr0.35Cu4O8-MP-mp-1227433.cif,Y1Ba1.65Sr0.35Cu4O8,80.8,new,Ba-Cu-O-Sr-Y|Y1Ba1.65Sr0.35Cu4O8,"1-vs-1 zero-vs-SC conflict: both dropped (user, 2026-09-14)"
Y1Ba2Cu3.7Zn0.3O8-MP-mp-6790.cif,Y1Ba2Cu3.7Zn0.3O8,22.5,new,Ba-Cu-O-Y-Zn|Y1Ba2Cu3.7Zn0.3O8,"1-vs-1 zero-vs-SC conflict: both dropped (user, 2026-09-14)"
Y1Ba2Cu3.72Zn0.28O8-MP-mp-6790.cif,Y1Ba2Cu3.72Zn0.28O8,0.0,new,Ba-Cu-O-Y-Zn|Y1Ba2Cu3.7Zn0.3O8,"1-vs-1 zero-vs-SC conflict: both dropped (user, 2026-09-14)"
Y1Ba2Cu3.84Zn0.16O8-MP-mp-6790.cif,Y1Ba2Cu3.84Zn0.16O8,31.5,new,Ba-Cu-O-Y-Zn|Y1Ba2Cu3.84Zn0.16O8,"1-vs-1 zero-vs-SC conflict: both dropped (user, 2026-09-14)"
Y1Ba2Cu3.85Zn0.15O8-MP-mp-6790.cif,Y1Ba2Cu3.85Zn0.15O8,0.0,new,Ba-Cu-O-Y-Zn|Y1Ba2Cu3.84Zn0.16O8,"1-vs-1 zero-vs-SC conflict: both dropped (user, 2026-09-14)"
Y1Ba2Cu2.94Zr0.06O6.82-MP-mp-20674.cif,Y1Ba2Cu2.94Zr0.06O6.82,0.0,new,Ba-Cu-O-Y-Zr|Y1Ba2Cu2.94Zr0.06O6.81,"1-vs-1 zero-vs-SC conflict: both dropped (user, 2026-09-14)"
Y1Ba2Cu2.94Zr0.06O6.81-MP-mp-20674.cif,Y1Ba2Cu2.94Zr0.06O6.81,92.3,new,Ba-Cu-O-Y-Zr|Y1Ba2Cu2.94Zr0.06O6.81,"1-vs-1 zero-vs-SC conflict: both dropped (user, 2026-09-14)"
Ca0.35Cu2Ga1Sr2Y0.65O7-MP-mp-1218546-synth_doped.cif,Ca0.35Cu2Ga1Sr2Y0.65O7,27.0,V45,Ca-Cu-Ga-O-Sr-Y|Ca0.35Cu2Ga1Sr2Y0.65O7,"1-vs-1 zero-vs-SC conflict: both dropped (user, 2026-09-14)"
Y0.65Ca0.35Sr2Cu2Ga1O6.94-MP-mp-1218712.cif,Y0.65Ca0.35Sr2Cu2Ga1O6.94,0.0,new,Ca-Cu-Ga-O-Sr-Y|Ca0.35Cu2Ga1Sr2Y0.65O7,"1-vs-1 zero-vs-SC conflict: both dropped (user, 2026-09-14)"
La1.9Sr0.1Ca1Cu2O6.02-MP-mp-1213978.cif,La1.9Sr0.1Ca1Cu2O6.02,0.0,new,Ca-Cu-La-O-Sr|La1.9Sr0.1Ca1Cu2O6.03,"1-vs-1 zero-vs-SC conflict: both dropped (user, 2026-09-14)"
La1.9Sr0.1Ca1Cu2O6.03-MP-mp-1213978.cif,La1.9Sr0.1Ca1Cu2O6.03,43.0,new,Ca-Cu-La-O-Sr|La1.9Sr0.1Ca1Cu2O6.03,"1-vs-1 zero-vs-SC conflict: both dropped (user, 2026-09-14)"
Pb0.5Sr2Y0.6Ca0.4Cu2.5O6.99-MP-mp-1208525.cif,Pb0.5Sr2Y0.6Ca0.4Cu2.5O6.99,0.0,new,Ca-Cu-O-Pb-Sr-Y|Pb0.5Sr2Y0.6Ca0.4Cu2.5O6.97,"1-vs-1 zero-vs-SC conflict: both dropped (user, 2026-09-14)"
Pb0.5Sr2Y0.6Ca0.4Cu2.5O6.97-MP-mp-1208525.cif,Pb0.5Sr2Y0.6Ca0.4Cu2.5O6.97,67.0,new,Ca-Cu-O-Pb-Sr-Y|Pb0.5Sr2Y0.6Ca0.4Cu2.5O6.97,"1-vs-1 zero-vs-SC conflict: both dropped (user, 2026-09-14)"
Ca0.2Cu2Sr2Tl1Y0.8O7-MP-mp-1218486-synth_doped.cif,Ca0.2Cu2Sr2Tl1Y0.8O7,0.0,V45,Ca-Cu-O-Sr-Tl-Y|Tl1Sr2Ca0.2Y0.8Cu2O6.97,"1-vs-1 zero-vs-SC conflict: both dropped (user, 2026-09-14)"
Tl1Sr2Ca0.2Y0.8Cu2O6.97-MP-mp-1218486.cif,Tl1Sr2Ca0.2Y0.8Cu2O6.97,93.0,new,Ca-Cu-O-Sr-Tl-Y|Tl1Sr2Ca0.2Y0.8Cu2O6.97,"1-vs-1 zero-vs-SC conflict: both dropped (user, 2026-09-14)"
Tl1.2Sr2Ca0.8Cu2O6.862-MP-mp-20824.cif,Tl1.2Sr2Ca0.8Cu2O6.862,60.0,new,Ca-Cu-O-Sr-Tl|Tl1.2Sr2Ca0.8Cu2O6.862,"1-vs-1 zero-vs-SC conflict: both dropped (user, 2026-09-14)"
Tl1.2Sr2Ca0.8Cu2O6.934-MP-mp-20824.cif,Tl1.2Sr2Ca0.8Cu2O6.934,0.0,new,Ca-Cu-O-Sr-Tl|Tl1.2Sr2Ca0.8Cu2O6.862,"1-vs-1 zero-vs-SC conflict: both dropped (user, 2026-09-14)"
Gd1.1Nd0.75Ce0.15Cu1O4-MP-mp-4860.cif,Gd1.1Nd0.75Ce0.15Cu1O4,0.0,new,Ce-Cu-Gd-Nd-O|Nd0.74Gd1.11Ce0.15Cu1O4,"1-vs-1 zero-vs-SC conflict: both dropped (user, 2026-09-14)"
Nd0.74Gd1.11Ce0.15Cu1O4-MP-mp-4860.cif,Nd0.74Gd1.11Ce0.15Cu1O4,12.0,new,Ce-Cu-Gd-Nd-O|Nd0.74Gd1.11Ce0.15Cu1O4,"1-vs-1 zero-vs-SC conflict: both dropped (user, 2026-09-14)"
Ce0.02Cu2Gd0.98Ru1Sr2O8-MP-mp-1194240-synth_doped.cif,Ce0.02Cu2Gd0.98Ru1Sr2O8,13.0,V45,Ce-Cu-Gd-O-Ru-Sr|Ce0.02Cu2Gd0.98Ru1Sr2O8,"1-vs-1 zero-vs-SC conflict: both dropped (user, 2026-09-14)"
Ce0.05Cu2Gd0.95Ru1Sr2O8-MP-mp-1194240-synth_doped.cif,Ce0.05Cu2Gd0.95Ru1Sr2O8,0.0,V45,Ce-Cu-Gd-O-Ru-Sr|Ce0.02Cu2Gd0.98Ru1Sr2O8,"1-vs-1 zero-vs-SC conflict: both dropped (user, 2026-09-14)"
Ru1Sr2Gd1.4Ce0.6Cu2O10-MP-mp-1218883.cif,Ru1Sr2Gd1.4Ce0.6Cu2O10,45.0,new,Ce-Cu-Gd-O-Ru-Sr|Ru1Sr2Gd1.4Ce0.6Cu2O10,"1-vs-1 zero-vs-SC conflict: both dropped (user, 2026-09-14)"
RuSr2Gd1.4Ce0.6Cu2O10-MP-mp-1218883.cif,RuSr2Gd1.4Ce0.6Cu2O10,0.0,new,Ce-Cu-Gd-O-Ru-Sr|Ru1Sr2Gd1.4Ce0.6Cu2O10,"1-vs-1 zero-vs-SC conflict: both dropped (user, 2026-09-14)"
Ce0.064Cu1La1.936O4-MP-mp-1077929-synth_doped.cif,Ce0.064Cu1La1.936O4,13.8,V45,Ce-Cu-La-O|Ce0.064Cu1La1.936O4,"1-vs-1 zero-vs-SC conflict: both dropped (user, 2026-09-14)"
Ce0.06Cu1La1.94O4-MP-mp-1077929-synth_doped.cif,Ce0.06Cu1La1.94O4,0.0,V45,Ce-Cu-La-O|Ce0.064Cu1La1.936O4,"1-vs-1 zero-vs-SC conflict: both dropped (user, 2026-09-14)"
Ce0.04Cu1Pr1.96O4-MP-mp-4181-synth_doped.cif,Ce0.04Cu1Pr1.96O4,23.6,V45,Ce-Cu-O-Pr|Ce0.04Cu1Pr1.96O4,"1-vs-1 zero-vs-SC conflict: both dropped (user, 2026-09-14)"
Ce0.05Cu1Pr1.95O4-MP-mp-4181-synth_doped.cif,Ce0.05Cu1Pr1.95O4,0.0,V45,Ce-Cu-O-Pr|Ce0.04Cu1Pr1.96O4,"1-vs-1 zero-vs-SC conflict: both dropped (user, 2026-09-14)"
Cr0.95Cu1Fe0.05O2-MP-mp-510625-synth_doped.cif,Cr0.95Cu1Fe0.05O2,117.5,V45,Cr-Cu-Fe-O|Cr0.95Cu1Fe0.05O2,"1-vs-1 zero-vs-SC conflict: both dropped (user, 2026-09-14)"
Cu(Cr0.94Fe0.06)O2-MP-mp-510625.cif,Cu(Cr0.94Fe0.06)O2,0.0,new,Cr-Cu-Fe-O|Cr0.95Cu1Fe0.05O2,"1-vs-1 zero-vs-SC conflict: both dropped (user, 2026-09-14)"
La1.815Sr0.185Cu0.965Fe0.035O4-MP-mp-1077929.cif,La1.815Sr0.185Cu0.965Fe0.035O4,0.0,new,Cu-Fe-La-O-Sr|La1.82Sr0.18Cu0.97Fe0.03O4,"1-vs-1 zero-vs-SC conflict: both dropped (user, 2026-09-14)"
La1.82Sr0.18Cu0.97Fe0.03O4-MP-mp-1077929.cif,La1.82Sr0.18Cu0.97Fe0.03O4,29.0,new,Cu-Fe-La-O-Sr|La1.82Sr0.18Cu0.97Fe0.03O4,"1-vs-1 zero-vs-SC conflict: both dropped (user, 2026-09-14)"
Sr0.2La0.9Gd0.9Cu1O4-MP-mp-1218202.cif,Sr0.2La0.9Gd0.9Cu1O4,0.0,new,Cu-Gd-La-O-Sr|Gd0.91La0.89Sr0.2Cu1O4,"1-vs-1 zero-vs-SC conflict: both dropped (user, 2026-09-14)"
Gd0.91La0.89Sr0.2Cu1O4-MP-mp-1218202.cif,Gd0.91La0.89Sr0.2Cu1O4,13.5,new,Cu-Gd-La-O-Sr|Gd0.91La0.89Sr0.2Cu1O4,"1-vs-1 zero-vs-SC conflict: both dropped (user, 2026-09-14)"
Cu1La1.89Na0.11O4-MP-mp-1077929-synth_doped.cif,Cu1La1.89Na0.11O4,16.0,V45,Cu-La-Na-O|Cu1La1.89Na0.11O4,"1-vs-1 zero-vs-SC conflict: both dropped (user, 2026-09-14)"
Cu1La1.9Na0.1O4-MP-mp-1077929-synth_doped.cif,Cu1La1.9Na0.1O4,0.0,V45,Cu-La-Na-O|Cu1La1.89Na0.11O4,"1-vs-1 zero-vs-SC conflict: both dropped (user, 2026-09-14)"
La1.425Nd0.4Sr0.175Cu1O4-MP-mp-1223089.cif,La1.425Nd0.4Sr0.175Cu1O4,25.0,new,Cu-La-Nd-O-Sr|La1.425Nd0.4Sr0.175Cu1O4,"1-vs-1 zero-vs-SC conflict: both dropped (user, 2026-09-14)"
La1.44Nd0.4Sr0.16Cu1O4-MP-mp-1223089.cif,La1.44Nd0.4Sr0.16Cu1O4,0.0,new,Cu-La-Nd-O-Sr|La1.425Nd0.4Sr0.175Cu1O4,"1-vs-1 zero-vs-SC conflict: both dropped (user, 2026-09-14)"
Sr0.9La0.1Cu0.98Ni0.02O2-MP-mp-37514.cif,Sr0.9La0.1Cu0.98Ni0.02O2,0.0,new,Cu-La-Ni-O-Sr|Sr0.9La0.1Cu0.99Ni0.01O2,"1-vs-1 zero-vs-SC conflict: both dropped (user, 2026-09-14)"
Sr0.9La0.1Cu0.99Ni0.01O2-MP-mp-37514.cif,Sr0.9La0.1Cu0.99Ni0.01O2,30.0,new,Cu-La-Ni-O-Sr|Sr0.9La0.1Cu0.99Ni0.01O2,"1-vs-1 zero-vs-SC conflict: both dropped (user, 2026-09-14)"
La1.8Pr0.2Cu1O4.11-MP-mp-757399.cif,La1.8Pr0.2Cu1O4.11,0.0,new,Cu-La-O-Pr|La1.8Pr0.2Cu1O4.0631,"1-vs-1 zero-vs-SC conflict: both dropped (user, 2026-09-14)"
La1.8Pr0.2Cu1O4.0631-MP-mp-757399.cif,La1.8Pr0.2Cu1O4.0631,20.2,new,Cu-La-O-Pr|La1.8Pr0.2Cu1O4.0631,"1-vs-1 zero-vs-SC conflict: both dropped (user, 2026-09-14)"
Cu1La2O4.32-MP-mp-1077929-synth_doped.cif,Cu1La2O4.32,37.5,V45,Cu-La-O|Cu1La2O4.32,"1-vs-1 zero-vs-SC conflict: both dropped (user, 2026-09-14)"
Cu1La2O4.33-MP-mp-1077929-synth_doped.cif,Cu1La2O4.33,0.0,V45,Cu-La-O|Cu1La2O4.32,"1-vs-1 zero-vs-SC conflict: both dropped (user, 2026-09-14)"
Tb1Sr2Cu2.69Mo0.31O7-MP-mp-1079351.cif,Tb1Sr2Cu2.69Mo0.31O7,34.5,new,Cu-Mo-O-Sr-Tb|Tb1Sr2Cu2.69Mo0.31O7,"1-vs-1 zero-vs-SC conflict: both dropped (user, 2026-09-14)"
TbSr2Cu2.69Mo0.31O6.97-MP-mp-1079351.cif,TbSr2Cu2.69Mo0.31O6.97,0.0,new,Cu-Mo-O-Sr-Tb|Tb1Sr2Cu2.69Mo0.31O7,"1-vs-1 zero-vs-SC conflict: both dropped (user, 2026-09-14)"
Tb1Sr2Cu2.7Mo0.3O7.15-MP-mp-1079351.cif,Tb1Sr2Cu2.7Mo0.3O7.15,37.0,new,Cu-Mo-O-Sr-Tb|Tb1Sr2Cu2.7Mo0.3O7.15,"1-vs-1 zero-vs-SC conflict: both dropped (user, 2026-09-14)"
Tb1Sr2Cu2.7Mo0.3O7.12-MP-mp-1079351.cif,Tb1Sr2Cu2.7Mo0.3O7.12,0.0,new,Cu-Mo-O-Sr-Tb|Tb1Sr2Cu2.7Mo0.3O7.15,"1-vs-1 zero-vs-SC conflict: both dropped (user, 2026-09-14)"
